gfx,cu_num,M,N,K,bias,dtype,outdtype,scaleAB,bpreshuffle,libtype,solidx,splitK,us,kernelName,err_ratio,tflops,bw
gfx950,256,1,64,7168,False,torch.bfloat16,torch.bfloat16,False,False,skinny,2,0,4.195,sol2,0.0,0.22,222.16
gfx950,256,2,64,7168,False,torch.bfloat16,torch.bfloat16,False,False,asm,3,14,5.4106,_ZN5aiter39bf16gemm_fp32bf16_tn_48x64_splitk_cleanE,0.0312,0.34,174.92
gfx950,256,4,64,7168,False,torch.bfloat16,torch.bfloat16,False,False,asm,1,16,5.0217,_ZN5aiter39bf16gemm_fp32bf16_tn_32x64_splitk_cleanE,0.0391,0.73,194.23
gfx950,256,8,64,7168,False,torch.bfloat16,torch.bfloat16,False,False,asm,1,16,5.0048,_ZN5aiter39bf16gemm_fp32bf16_tn_32x64_splitk_cleanE,0.0254,1.47,206.45
gfx950,256,16,64,7168,False,torch.bfloat16,torch.bfloat16,False,False,asm,1,16,5.0591,_ZN5aiter39bf16gemm_fp32bf16_tn_32x64_splitk_cleanE,0.0273,2.9,227.1
gfx950,256,32,64,7168,False,torch.bfloat16,torch.bfloat16,False,False,asm,1,16,5.0467,_ZN5aiter39bf16gemm_fp32bf16_tn_32x64_splitk_cleanE,0.0317,5.82,273.52
gfx950,256,48,64,7168,False,torch.bfloat16,torch.bfloat16,False,False,asm,3,16,5.7805,_ZN5aiter39bf16gemm_fp32bf16_tn_48x64_splitk_cleanE,0.0306,7.62,278.83
gfx950,256,64,64,7168,False,torch.bfloat16,torch.bfloat16,False,False,asm,1,16,5.491,_ZN5aiter39bf16gemm_fp32bf16_tn_32x64_splitk_cleanE,0.032,10.69,335.68
gfx950,256,80,64,7168,False,torch.bfloat16,torch.bfloat16,False,False,asm,3,16,5.8249,_ZN5aiter39bf16gemm_fp32bf16_tn_48x64_splitk_cleanE,0.0334,12.6,356.16
gfx950,256,96,64,7168,False,torch.bfloat16,torch.bfloat16,False,False,asm,3,14,6.1631,_ZN5aiter39bf16gemm_fp32bf16_tn_48x64_splitk_cleanE,0.029,14.29,374.17
gfx950,256,112,64,7168,False,torch.bfloat16,torch.bfloat16,False,False,asm,3,14,6.6516,_ZN5aiter39bf16gemm_fp32bf16_tn_48x64_splitk_cleanE,0.0276,15.45,381.48
gfx950,256,128,64,7168,False,torch.bfloat16,torch.bfloat16,False,False,asm,5,16,6.6656,_ZN5aiter39bf16gemm_fp32bf16_tn_64x64_splitk_cleanE,0.028,17.62,415.4
gfx950,256,144,64,7168,False,torch.bfloat16,torch.bfloat16,False,False,asm,5,16,7.3173,_ZN5aiter39bf16gemm_fp32bf16_tn_64x64_splitk_cleanE,0.0316,18.06,410.03
gfx950,256,160,64,7168,False,torch.bfloat16,torch.bfloat16,False,False,asm,7,16,7.4189,_ZN5aiter39bf16gemm_fp32bf16_tn_80x64_splitk_cleanE,0.029,19.79,435.61
gfx950,256,176,64,7168,False,torch.bfloat16,torch.bfloat16,False,False,asm,5,16,7.578,_ZN5aiter39bf16gemm_fp32bf16_tn_64x64_splitk_cleanE,0.0279,21.31,457.0
gfx950,256,192,64,7168,False,torch.bfloat16,torch.bfloat16,False,False,asm,5,14,7.7818,_ZN5aiter39bf16gemm_fp32bf16_tn_64x64_splitk_cleanE,0.0296,22.64,474.77
gfx950,256,208,64,7168,False,torch.bfloat16,torch.bfloat16,False,False,asm,7,16,7.8519,_ZN5aiter39bf16gemm_fp32bf16_tn_80x64_splitk_cleanE,0.03,24.31,500.01
gfx950,256,224,64,7168,False,torch.bfloat16,torch.bfloat16,False,False,asm,5,14,8.2515,_ZN5aiter39bf16gemm_fp32bf16_tn_64x64_splitk_cleanE,0.0297,24.91,503.84
gfx950,256,240,64,7168,False,torch.bfloat16,torch.bfloat16,False,False,asm,7,16,8.0749,_ZN5aiter39bf16gemm_fp32bf16_tn_80x64_splitk_cleanE,0.0298,27.27,543.52
gfx950,256,256,64,7168,False,torch.bfloat16,torch.bfloat16,False,False,asm,8,16,8.3352,_ZN5aiter39bf16gemm_fp32bf16_tn_96x64_splitk_cleanE,0.03,28.18,554.31
gfx950,256,288,64,7168,False,torch.bfloat16,torch.bfloat16,False,False,asm,8,16,8.5126,_ZN5aiter39bf16gemm_fp32bf16_tn_96x64_splitk_cleanE,0.0309,31.04,597.13
gfx950,256,320,64,7168,False,torch.bfloat16,torch.bfloat16,False,False,asm,7,16,8.787,_ZN5aiter39bf16gemm_fp32bf16_tn_80x64_splitk_cleanE,0.0272,33.41,631.16
gfx950,256,352,64,7168,False,torch.bfloat16,torch.bfloat16,False,False,asm,8,14,9.215,_ZN5aiter39bf16gemm_fp32bf16_tn_96x64_splitk_cleanE,0.0276,35.05,652.07
gfx950,256,384,64,7168,False,torch.bfloat16,torch.bfloat16,False,False,asm,8,16,9.2367,_ZN5aiter39bf16gemm_fp32bf16_tn_96x64_splitk_cleanE,0.029,38.14,700.65
gfx950,256,416,64,7168,False,torch.bfloat16,torch.bfloat16,False,False,flydsl,5105,8,7.5312,flydsl_gemm5_abf16_wbf16_bf16_t16x64x128_split_k8_block_m_warp1_block_n_warp1_block_k_warp2_async_copyTrue_b_to_ldsTrue_b_preshuffleFalse_c_to_ldsFalse_gfx950,0.0267,50.68,920.77
gfx950,256,448,64,7168,False,torch.bfloat16,torch.bfloat16,False,False,flydsl,3722,8,7.5283,flydsl_gemm4_abf16_wbf16_bf16_t16x64x128_split_k8_block_m_warp1_block_n_warp2_block_k_warp1_async_copyTrue_b_to_ldsTrue_b_preshuffleFalse_c_to_ldsFalse_gfx950,0.0204,54.6,982.61
gfx950,256,480,64,7168,False,torch.bfloat16,torch.bfloat16,False,False,flydsl,3744,7,7.702,flydsl_gemm4_abf16_wbf16_bf16_t16x64x256_split_k7_block_m_warp1_block_n_warp1_block_k_warp2_async_copyTrue_b_to_ldsTrue_b_preshuffleFalse_c_to_ldsFalse_gfx950,0.0256,57.18,1020.54
gfx950,256,512,64,7168,False,torch.bfloat16,torch.bfloat16,False,False,flydsl,3716,7,7.9035,flydsl_gemm4_abf16_wbf16_bf16_t16x64x128_split_k7_block_m_warp1_block_n_warp2_block_k_warp1_async_copyTrue_b_to_ldsTrue_b_preshuffleFalse_c_to_ldsFalse_gfx950,0.0185,59.44,1053.09
gfx950,256,544,64,7168,False,torch.bfloat16,torch.bfloat16,False,False,flydsl,3744,7,8.0571,flydsl_gemm4_abf16_wbf16_bf16_t16x64x256_split_k7_block_m_warp1_block_n_warp1_block_k_warp2_async_copyTrue_b_to_ldsTrue_b_preshuffleFalse_c_to_ldsFalse_gfx950,0.0267,61.95,1090.46
gfx950,256,576,64,7168,False,torch.bfloat16,torch.bfloat16,False,False,flydsl,5101,7,8.0866,flydsl_gemm5_abf16_wbf16_bf16_t16x64x128_split_k7_block_m_warp1_block_n_warp2_block_k_warp1_async_copyTrue_b_to_ldsTrue_b_preshuffleFalse_c_to_ldsFalse_gfx950,0.0191,65.35,1143.72
gfx950,256,608,64,7168,False,torch.bfloat16,torch.bfloat16,False,False,flydsl,4030,8,8.112,flydsl_gemm4_abf16_wbf16_bf16_t32x64x128_split_k8_block_m_warp1_block_n_warp4_block_k_warp1_async_copyTrue_b_to_ldsTrue_b_preshuffleFalse_c_to_ldsFalse_gfx950,0.0207,68.77,1197.19
gfx950,256,640,64,7168,False,torch.bfloat16,torch.bfloat16,False,False,flydsl,5318,8,8.458,flydsl_gemm5_abf16_wbf16_bf16_t32x64x128_split_k8_block_m_warp1_block_n_warp4_block_k_warp1_async_copyTrue_b_to_ldsTrue_b_preshuffleFalse_c_to_ldsFalse_gfx950,0.0216,69.43,1202.94
gfx950,256,672,64,7168,False,torch.bfloat16,torch.bfloat16,False,False,flydsl,4036,8,8.4993,flydsl_gemm4_abf16_wbf16_bf16_t32x64x128_split_k8_block_m_warp2_block_n_warp2_block_k_warp1_async_copyTrue_b_to_ldsTrue_b_preshuffleFalse_c_to_ldsFalse_gfx950,0.0207,72.54,1251.55
gfx950,256,704,64,7168,False,torch.bfloat16,torch.bfloat16,False,False,flydsl,5298,7,8.4168,flydsl_gemm5_abf16_wbf16_bf16_t32x64x128_split_k7_block_m_warp1_block_n_warp2_block_k_warp2_async_copyTrue_b_to_ldsTrue_b_preshuffleFalse_c_to_ldsFalse_gfx950,0.0269,76.74,1318.81
gfx950,256,736,64,7168,False,torch.bfloat16,torch.bfloat16,False,False,flydsl,4030,8,8.5125,flydsl_gemm4_abf16_wbf16_bf16_t32x64x128_split_k8_block_m_warp1_block_n_warp4_block_k_warp1_async_copyTrue_b_to_ldsTrue_b_preshuffleFalse_c_to_ldsFalse_gfx950,0.021,79.33,1358.36
gfx950,256,768,64,7168,False,torch.bfloat16,torch.bfloat16,False,False,flydsl,4012,7,8.8219,flydsl_gemm4_abf16_wbf16_bf16_t32x64x128_split_k7_block_m_warp1_block_n_warp4_block_k_warp1_async_copyTrue_b_to_ldsTrue_b_preshuffleFalse_c_to_ldsFalse_gfx950,0.0197,79.87,1363.18
gfx950,256,800,64,7168,False,torch.bfloat16,torch.bfloat16,False,False,flydsl,4012,7,8.7841,flydsl_gemm4_abf16_wbf16_bf16_t32x64x128_split_k7_block_m_warp1_block_n_warp4_block_k_warp1_async_copyTrue_b_to_ldsTrue_b_preshuffleFalse_c_to_ldsFalse_gfx950,0.0196,83.56,1421.74
gfx950,256,832,64,7168,False,torch.bfloat16,torch.bfloat16,False,False,flydsl,4012,7,9.0586,flydsl_gemm4_abf16_wbf16_bf16_t32x64x128_split_k7_block_m_warp1_block_n_warp4_block_k_warp1_async_copyTrue_b_to_ldsTrue_b_preshuffleFalse_c_to_ldsFalse_gfx950,0.0195,84.27,1429.75
gfx950,256,864,64,7168,False,torch.bfloat16,torch.bfloat16,False,False,flydsl,4036,8,9.3124,flydsl_gemm4_abf16_wbf16_bf16_t32x64x128_split_k8_block_m_warp2_block_n_warp2_block_k_warp1_async_copyTrue_b_to_ldsTrue_b_preshuffleFalse_c_to_ldsFalse_gfx950,0.0215,85.13,1440.49
gfx950,256,896,64,7168,False,torch.bfloat16,torch.bfloat16,False,False,flydsl,4010,7,9.2246,flydsl_gemm4_abf16_wbf16_bf16_t32x64x128_split_k7_block_m_warp1_block_n_warp2_block_k_warp2_async_copyTrue_b_to_ldsTrue_b_preshuffleFalse_c_to_ldsFalse_gfx950,0.0264,89.12,1504.37
gfx950,256,928,64,7168,False,torch.bfloat16,torch.bfloat16,False,False,flydsl,5300,7,9.1948,flydsl_gemm5_abf16_wbf16_bf16_t32x64x128_split_k7_block_m_warp1_block_n_warp4_block_k_warp1_async_copyTrue_b_to_ldsTrue_b_preshuffleFalse_c_to_ldsFalse_gfx950,0.0196,92.6,1559.59
gfx950,256,960,64,7168,False,torch.bfloat16,torch.bfloat16,False,False,flydsl,4012,7,9.5389,flydsl_gemm4_abf16_wbf16_bf16_t32x64x128_split_k7_block_m_warp1_block_n_warp4_block_k_warp1_async_copyTrue_b_to_ldsTrue_b_preshuffleFalse_c_to_ldsFalse_gfx950,0.0201,92.34,1551.85
gfx950,256,992,64,7168,False,torch.bfloat16,torch.bfloat16,False,False,opus,1202,4,11.9537,opus_gemm_flatmm_splitk_256x32x32x128_2x1_16x16x32_0x0x0_wgpcu2_nooob,0.0,76.14,1277.08
gfx950,256,1024,64,7168,False,torch.bfloat16,torch.bfloat16,False,False,torch,0,0,11.7299,native,0.0,80.1,1340.9
gfx950,256,1088,64,7168,False,torch.bfloat16,torch.bfloat16,False,False,opus,1202,4,12.5708,opus_gemm_flatmm_splitk_256x32x32x128_2x1_16x16x32_0x0x0_wgpcu2_nooob,0.0,79.41,1324.84
gfx950,256,1152,64,7168,False,torch.bfloat16,torch.bfloat16,False,False,opus,1202,4,12.5797,opus_gemm_flatmm_splitk_256x32x32x128_2x1_16x16x32_0x0x0_wgpcu2_nooob,0.0,84.02,1397.49
gfx950,256,1216,64,7168,False,torch.bfloat16,torch.bfloat16,False,False,opus,1205,6,12.7695,opus_gemm_flatmm_splitk_256x64x32x64_2x1_16x16x32_0x0x0_wgpcu2_nooob,0.0,87.37,1449.21
gfx950,256,1280,64,7168,False,torch.bfloat16,torch.bfloat16,False,False,flydsl,3994,4,10.7557,flydsl_gemm4_abf16_wbf16_bf16_t32x64x128_split_k4_block_m_warp1_block_n_warp4_block_k_warp1_async_copyTrue_b_to_ldsTrue_b_preshuffleFalse_c_to_ldsFalse_gfx950,0.0136,109.19,1806.62
gfx950,256,1344,64,7168,False,torch.bfloat16,torch.bfloat16,False,False,opus,1205,6,13.109,opus_gemm_flatmm_splitk_256x64x32x64_2x1_16x16x32_0x0x0_wgpcu2_nooob,0.0,94.07,1552.91
gfx950,256,1408,64,7168,False,torch.bfloat16,torch.bfloat16,False,False,asm,3,6,13.795,_ZN5aiter39bf16gemm_fp32bf16_tn_48x64_splitk_cleanE,0.0183,93.65,1542.79
gfx950,256,1472,64,7168,False,torch.bfloat16,torch.bfloat16,False,False,flydsl,4000,4,11.2537,flydsl_gemm4_abf16_wbf16_bf16_t32x64x128_split_k4_block_m_warp2_block_n_warp2_block_k_warp1_async_copyTrue_b_to_ldsTrue_b_preshuffleFalse_c_to_ldsFalse_gfx950,0.0143,120.01,1973.44
gfx950,256,1536,64,7168,False,torch.bfloat16,torch.bfloat16,False,False,flydsl,3994,4,11.7918,flydsl_gemm4_abf16_wbf16_bf16_t32x64x128_split_k4_block_m_warp1_block_n_warp4_block_k_warp1_async_copyTrue_b_to_ldsTrue_b_preshuffleFalse_c_to_ldsFalse_gfx950,0.0142,119.51,1961.89
gfx950,256,1600,64,7168,False,torch.bfloat16,torch.bfloat16,False,False,flydsl,5282,4,11.6364,flydsl_gemm5_abf16_wbf16_bf16_t32x64x128_split_k4_block_m_warp1_block_n_warp4_block_k_warp1_async_copyTrue_b_to_ldsTrue_b_preshuffleFalse_c_to_ldsFalse_gfx950,0.0144,126.16,2067.64
gfx950,256,1664,64,7168,False,torch.bfloat16,torch.bfloat16,False,False,asm,3,6,14.1427,_ZN5aiter39bf16gemm_fp32bf16_tn_48x64_splitk_cleanE,0.0181,107.95,1766.68
gfx950,256,1728,64,7168,False,torch.bfloat16,torch.bfloat16,False,False,asm,3,6,14.2338,_ZN5aiter39bf16gemm_fp32bf16_tn_48x64_splitk_cleanE,0.0181,111.39,1820.41
gfx950,256,1792,64,7168,False,torch.bfloat16,torch.bfloat16,False,False,asm,3,6,14.2841,_ZN5aiter39bf16gemm_fp32bf16_tn_48x64_splitk_cleanE,0.018,115.1,1878.8
gfx950,256,1856,64,7168,False,torch.bfloat16,torch.bfloat16,False,False,asm,3,6,14.3445,_ZN5aiter39bf16gemm_fp32bf16_tn_48x64_splitk_cleanE,0.0174,118.71,1935.42
gfx950,256,1920,64,7168,False,torch.bfloat16,torch.bfloat16,False,False,asm,3,6,14.5253,_ZN5aiter39bf16gemm_fp32bf16_tn_48x64_splitk_cleanE,0.0176,121.28,1975.06
gfx950,256,1984,64,7168,False,torch.bfloat16,torch.bfloat16,False,False,asm,3,6,14.692,_ZN5aiter39bf16gemm_fp32bf16_tn_48x64_splitk_cleanE,0.018,123.9,2015.66
gfx950,256,2048,64,7168,False,torch.bfloat16,torch.bfloat16,False,False,asm,5,6,15.1291,_ZN5aiter39bf16gemm_fp32bf16_tn_64x64_splitk_cleanE,0.0175,124.2,2018.61
gfx950,256,4096,64,7168,False,torch.bfloat16,torch.bfloat16,False,False,asm,8,5,18.8115,_ZN5aiter39bf16gemm_fp32bf16_tn_96x64_splitk_cleanE,0.0158,199.78,3198.15
gfx950,256,6144,64,7168,False,torch.bfloat16,torch.bfloat16,False,False,asm,8,4,23.245,_ZN5aiter39bf16gemm_fp32bf16_tn_96x64_splitk_cleanE,0.0136,242.51,3862.52
gfx950,256,8192,64,7168,False,torch.bfloat16,torch.bfloat16,False,False,torch,0,0,29.3229,native,0.0,256.33,4072.13
gfx950,256,10240,64,7168,False,torch.bfloat16,torch.bfloat16,False,False,torch,0,0,31.835,native,0.0,295.12,4681.29
gfx950,256,12288,64,7168,False,torch.bfloat16,torch.bfloat16,False,False,asm,8,2,37.3528,_ZN5aiter39bf16gemm_fp32bf16_tn_96x64_splitk_cleanE,0.0061,301.83,4782.8
gfx950,256,14336,64,7168,False,torch.bfloat16,torch.bfloat16,False,False,torch,0,0,43.7206,native,0.0,300.85,4763.74
gfx950,256,16384,64,7168,False,torch.bfloat16,torch.bfloat16,False,False,torch,0,0,48.9911,native,0.0,306.84,4855.9
gfx950,256,32768,64,7168,False,torch.bfloat16,torch.bfloat16,False,False,torch,0,0,85.1775,native,0.0,352.97,5575.11
gfx950,256,1,384,7168,False,torch.bfloat16,torch.bfloat16,False,False,skinny,2,0,7.756,sol2,0.0,0.71,711.72
gfx950,256,2,384,7168,False,torch.bfloat16,torch.bfloat16,False,False,flydsl,4749,8,6.1603,flydsl_gemm4_abf16_wbf16_bf16_t16x64x128_split_k8_block_m_warp1_block_n_warp2_block_k_warp1_async_copyTrue_b_to_ldsTrue_b_preshuffleFalse_c_to_ldsFalse_gfx950,0.0221,1.79,898.53
gfx950,256,4,384,7168,False,torch.bfloat16,torch.bfloat16,False,False,flydsl,6646,8,6.2302,flydsl_gemm5_abf16_wbf16_bf16_t16x64x128_split_k8_block_m_warp1_block_n_warp2_block_k_warp1_async_copyTrue_b_to_ldsTrue_b_preshuffleFalse_c_to_ldsFalse_gfx950,0.0247,3.53,893.3
gfx950,256,96,384,7168,False,torch.bfloat16,torch.bfloat16,False,False,flydsl,9419,8,8.5787,flydsl_gemm5_abf16_wbf16_bf16_t32x64x128_split_k8_block_m_warp1_block_n_warp4_block_k_warp1_async_copyTrue_b_to_ldsTrue_b_preshuffleFalse_c_to_ldsFalse_gfx950,0.0223,61.6,810.73
gfx950,256,144,384,7168,False,torch.bfloat16,torch.bfloat16,False,False,flydsl,8266,7,9.6979,flydsl_gemm4_abf16_wbf16_bf16_t32x64x128_split_k7_block_m_warp1_block_n_warp4_block_k_warp1_async_copyTrue_b_to_ldsTrue_b_preshuffleFalse_c_to_ldsFalse_gfx950,0.02,81.74,791.92
gfx950,256,160,384,7168,False,torch.bfloat16,torch.bfloat16,False,False,torch,0,0,11.3779,native,0.0,77.41,696.23
gfx950,256,192,384,7168,False,torch.bfloat16,torch.bfloat16,False,False,opus,1203,8,12.1573,opus_gemm_flatmm_splitk_256x32x64x64_2x1_16x16x32_0x0x0_wgpcu2_nooob,0.0,86.94,691.35
gfx950,256,208,384,7168,False,torch.bfloat16,torch.bfloat16,False,False,opus,203,6,12.6221,opus_gemm_flatmm_splitk_256x32x64x64_2x1_16x16x32_0x0x0_wgpcu2,0.0,90.72,685.04
gfx950,256,256,384,7168,False,torch.bfloat16,torch.bfloat16,False,False,opus,1203,6,13.3428,opus_gemm_flatmm_splitk_256x32x64x64_2x1_16x16x32_0x0x0_wgpcu2_nooob,0.0,105.62,702.37
gfx950,256,288,384,7168,False,torch.bfloat16,torch.bfloat16,False,False,opus,200,8,13.6806,opus_gemm_flatmm_splitk_256x64x64x64_2x1_16x16x32_0x0x0_wgpcu2,0.0,115.89,720.36
gfx950,256,352,384,7168,False,torch.bfloat16,torch.bfloat16,False,False,opus,200,6,14.2369,opus_gemm_flatmm_splitk_256x64x64x64_2x1_16x16x32_0x0x0_wgpcu2,0.0,136.11,760.11
gfx950,256,384,384,7168,False,torch.bfloat16,torch.bfloat16,False,False,opus,1200,6,13.7858,opus_gemm_flatmm_splitk_256x64x64x64_2x1_16x16x32_0x0x0_wgpcu2_nooob,0.0,153.34,820.04
gfx950,256,416,384,7168,False,torch.bfloat16,torch.bfloat16,False,False,opus,200,6,14.1898,opus_gemm_flatmm_splitk_256x64x64x64_2x1_16x16x32_0x0x0_wgpcu2,0.0,161.39,830.76
gfx950,256,480,384,7168,False,torch.bfloat16,torch.bfloat16,False,False,opus,200,5,15.3346,opus_gemm_flatmm_splitk_256x64x64x64_2x1_16x16x32_0x0x0_wgpcu2,0.0,172.32,831.78
gfx950,256,544,384,7168,False,torch.bfloat16,torch.bfloat16,False,False,asm,7,5,16.0646,_ZN5aiter39bf16gemm_fp32bf16_tn_80x64_splitk_cleanE,0.0163,186.42,854.15
gfx950,256,576,384,7168,False,torch.bfloat16,torch.bfloat16,False,False,opus,1220,6,16.0396,opus_gemm_flatmm_splitk_256x96x64x64_2x1_16x16x32_0x0x0_wgpcu1_nooob,0.0,197.69,885.62
gfx950,256,608,384,7168,False,torch.bfloat16,torch.bfloat16,False,False,asm,5,4,16.6352,_ZN5aiter39bf16gemm_fp32bf16_tn_64x64_splitk_cleanE,0.0136,201.2,882.96
gfx950,256,640,384,7168,False,torch.bfloat16,torch.bfloat16,False,False,asm,5,4,16.8343,_ZN5aiter39bf16gemm_fp32bf16_tn_64x64_splitk_cleanE,0.0135,209.29,901.23
gfx950,256,672,384,7168,False,torch.bfloat16,torch.bfloat16,False,False,asm,7,4,17.0527,_ZN5aiter39bf16gemm_fp32bf16_tn_80x64_splitk_cleanE,0.0134,216.94,918.03
gfx950,256,704,384,7168,False,torch.bfloat16,torch.bfloat16,False,False,opus,1200,4,17.1527,opus_gemm_flatmm_splitk_256x64x64x64_2x1_16x16x32_0x0x0_wgpcu2_nooob,0.0,225.94,940.86
gfx950,256,736,384,7168,False,torch.bfloat16,torch.bfloat16,False,False,asm,7,4,17.6421,_ZN5aiter39bf16gemm_fp32bf16_tn_80x64_splitk_cleanE,0.0136,229.66,942.15
gfx950,256,768,384,7168,False,torch.bfloat16,torch.bfloat16,False,False,opus,1200,7,17.9675,opus_gemm_flatmm_splitk_256x64x64x64_2x1_16x16x32_0x0x0_wgpcu2_nooob,0.0,235.31,951.99
gfx950,256,800,384,7168,False,torch.bfloat16,torch.bfloat16,False,False,asm,8,4,18.3752,_ZN5aiter39bf16gemm_fp32bf16_tn_96x64_splitk_cleanE,0.0134,239.67,957.17
gfx950,256,832,384,7168,False,torch.bfloat16,torch.bfloat16,False,False,opus,1216,4,18.7191,opus_gemm_flatmm_splitk_256x64x96x128_2x1_16x16x32_0x0x0_wgpcu1_nooob,0.0,244.68,965.41
gfx950,256,864,384,7168,False,torch.bfloat16,torch.bfloat16,False,False,opus,1222,4,18.4419,opus_gemm_flatmm_splitk_256x96x64x128_2x1_16x16x32_0x0x0_wgpcu1_nooob,0.0,257.91,1006.13
gfx950,256,896,384,7168,False,torch.bfloat16,torch.bfloat16,False,False,opus,1200,6,19.2073,opus_gemm_flatmm_splitk_256x64x64x64_2x1_16x16x32_0x0x0_wgpcu2_nooob,0.0,256.8,991.2
gfx950,256,928,384,7168,False,torch.bfloat16,torch.bfloat16,False,False,asm,8,4,19.5385,_ZN5aiter39bf16gemm_fp32bf16_tn_96x64_splitk_cleanE,0.0137,261.47,999.13
gfx950,256,960,384,7168,False,torch.bfloat16,torch.bfloat16,False,False,opus,216,4,19.7076,opus_gemm_flatmm_splitk_256x64x96x128_2x1_16x16x32_0x0x0_wgpcu1,0.0,268.16,1015.08
gfx950,256,992,384,7168,False,torch.bfloat16,torch.bfloat16,False,False,asm,7,3,20.4156,_ZN5aiter39bf16gemm_fp32bf16_tn_80x64_splitk_cleanE,0.0103,267.49,1003.56
gfx950,256,1024,384,7168,False,torch.bfloat16,torch.bfloat16,False,False,asm,7,3,20.56,_ZN5aiter39bf16gemm_fp32bf16_tn_80x64_splitk_cleanE,0.0104,274.18,1020.02
gfx950,256,1088,384,7168,False,torch.bfloat16,torch.bfloat16,False,False,asm,7,3,20.3145,_ZN5aiter39bf16gemm_fp32bf16_tn_80x64_splitk_cleanE,0.0106,294.84,1079.93
gfx950,256,1152,384,7168,False,torch.bfloat16,torch.bfloat16,False,False,torch,0,0,21.7939,native,0.0,290.99,1050.97
gfx950,256,1216,384,7168,False,torch.bfloat16,torch.bfloat16,False,False,asm,8,3,23.3772,_ZN5aiter39bf16gemm_fp32bf16_tn_96x64_splitk_cleanE,0.0103,286.35,1021.14
gfx950,256,1280,384,7168,False,torch.bfloat16,torch.bfloat16,False,False,asm,8,3,23.4373,_ZN5aiter39bf16gemm_fp32bf16_tn_96x64_splitk_cleanE,0.0104,300.65,1059.77
gfx950,256,1344,384,7168,False,torch.bfloat16,torch.bfloat16,False,False,opus,1200,4,24.0505,opus_gemm_flatmm_splitk_256x64x64x64_2x1_16x16x32_0x0x0_wgpcu2_nooob,0.0,307.63,1072.94
gfx950,256,1408,384,7168,False,torch.bfloat16,torch.bfloat16,False,False,torch,0,0,23.3092,native,0.0,332.53,1148.54
gfx950,256,1472,384,7168,False,torch.bfloat16,torch.bfloat16,False,False,torch,0,0,23.1364,native,0.0,350.24,1198.89
gfx950,256,1536,384,7168,False,torch.bfloat16,torch.bfloat16,False,False,torch,0,0,23.273,native,0.0,363.33,1233.39
gfx950,256,1600,384,7168,False,torch.bfloat16,torch.bfloat16,False,False,torch,0,0,24.203,native,0.0,363.92,1225.94
gfx950,256,1664,384,7168,False,torch.bfloat16,torch.bfloat16,False,False,torch,0,0,24.0326,native,0.0,381.16,1274.85
gfx950,256,1728,384,7168,False,torch.bfloat16,torch.bfloat16,False,False,opus,1221,4,27.4989,opus_gemm_flatmm_splitk_256x96x64x64_2x1_16x16x32_0x0x0_wgpcu2_nooob,0.0,345.93,1149.31
gfx950,256,1792,384,7168,False,torch.bfloat16,torch.bfloat16,False,False,opus,1216,2,29.7232,opus_gemm_flatmm_splitk_256x64x96x128_2x1_16x16x32_0x0x0_wgpcu1_nooob,0.0,331.9,1095.82
gfx950,256,1856,384,7168,False,torch.bfloat16,torch.bfloat16,False,False,opus,1215,4,29.6804,opus_gemm_flatmm_splitk_256x64x96x64_2x1_16x16x32_0x0x0_wgpcu2_nooob,0.0,344.24,1129.97
gfx950,256,1920,384,7168,False,torch.bfloat16,torch.bfloat16,False,False,opus,1222,2,29.3681,opus_gemm_flatmm_splitk_256x96x64x128_2x1_16x16x32_0x0x0_wgpcu1_nooob,0.0,359.9,1174.9
gfx950,256,1984,384,7168,False,torch.bfloat16,torch.bfloat16,False,False,opus,222,2,31.0782,opus_gemm_flatmm_splitk_256x96x64x128_2x1_16x16x32_0x0x0_wgpcu1,0.0,351.44,1141.36
gfx950,256,2048,384,7168,False,torch.bfloat16,torch.bfloat16,False,False,torch,0,0,28.3933,native,0.0,397.08,1283.33
gfx950,256,4096,384,7168,False,torch.bfloat16,torch.bfloat16,False,False,torch,0,0,47.2094,native,0.0,477.63,1427.07
gfx950,256,6144,384,7168,False,torch.bfloat16,torch.bfloat16,False,False,torch,0,0,54.7362,native,0.0,617.93,1795.96
gfx950,256,8192,384,7168,False,torch.bfloat16,torch.bfloat16,False,False,torch,0,0,73.9355,native,0.0,609.95,1747.97
gfx950,256,10240,384,7168,False,torch.bfloat16,torch.bfloat16,False,False,torch,0,0,82.14,native,0.0,686.28,1949.96
gfx950,256,12288,384,7168,False,torch.bfloat16,torch.bfloat16,False,False,torch,0,0,80.7616,native,0.0,837.6,2366.26
gfx950,256,14336,384,7168,False,torch.bfloat16,torch.bfloat16,False,False,torch,0,0,90.4665,native,0.0,872.37,2454.34
gfx950,256,16384,384,7168,False,torch.bfloat16,torch.bfloat16,False,False,torch,0,0,99.8904,native,0.0,902.93,2532.47
gfx950,256,1,512,7168,False,torch.bfloat16,torch.bfloat16,False,False,skinny,2,0,7.8988,sol2,0.0,0.93,931.2
gfx950,256,2,512,7168,False,torch.bfloat16,torch.bfloat16,False,False,flydsl,6934,8,6.1231,flydsl_gemm4_abf16_wbf16_bf16_t16x64x128_split_k8_block_m_warp1_block_n_warp2_block_k_warp1_async_copyTrue_b_to_ldsTrue_b_preshuffleFalse_c_to_ldsFalse_gfx950,0.0176,2.4,1203.76
gfx950,256,4,512,7168,False,torch.bfloat16,torch.bfloat16,False,False,flydsl,6934,8,6.7951,flydsl_gemm4_abf16_wbf16_bf16_t16x64x128_split_k8_block_m_warp1_block_n_warp2_block_k_warp1_async_copyTrue_b_to_ldsTrue_b_preshuffleFalse_c_to_ldsFalse_gfx950,0.022,4.32,1089.24
gfx950,256,8,512,7168,False,torch.bfloat16,torch.bfloat16,False,False,flydsl,6934,8,6.3294,flydsl_gemm4_abf16_wbf16_bf16_t16x64x128_split_k8_block_m_warp1_block_n_warp2_block_k_warp1_async_copyTrue_b_to_ldsTrue_b_preshuffleFalse_c_to_ldsFalse_gfx950,0.0178,9.28,1179.09
gfx950,256,16,512,7168,False,torch.bfloat16,torch.bfloat16,False,False,flydsl,6934,8,6.5214,flydsl_gemm4_abf16_wbf16_bf16_t16x64x128_split_k8_block_m_warp1_block_n_warp2_block_k_warp1_async_copyTrue_b_to_ldsTrue_b_preshuffleFalse_c_to_ldsFalse_gfx950,0.0222,18.01,1163.22
gfx950,256,32,512,7168,False,torch.bfloat16,torch.bfloat16,False,False,flydsl,6934,8,7.1167,flydsl_gemm4_abf16_wbf16_bf16_t16x64x128_split_k8_block_m_warp1_block_n_warp2_block_k_warp1_async_copyTrue_b_to_ldsTrue_b_preshuffleFalse_c_to_ldsFalse_gfx950,0.0216,33.0,1100.45
gfx950,256,48,512,7168,False,torch.bfloat16,torch.bfloat16,False,False,flydsl,6934,8,7.5711,flydsl_gemm4_abf16_wbf16_bf16_t16x64x128_split_k8_block_m_warp1_block_n_warp2_block_k_warp1_async_copyTrue_b_to_ldsTrue_b_preshuffleFalse_c_to_ldsFalse_gfx950,0.0216,46.54,1066.86
gfx950,256,64,512,7168,False,torch.bfloat16,torch.bfloat16,False,False,flydsl,12995,7,7.8271,flydsl_gemm5_abf16_wbf16_bf16_t16x64x128_split_k7_block_m_warp1_block_n_warp1_block_k_warp2_async_copyTrue_b_to_ldsTrue_b_preshuffleFalse_c_to_ldsFalse_gfx950,0.0273,60.02,1063.37
gfx950,256,80,512,7168,False,torch.bfloat16,torch.bfloat16,False,False,flydsl,10225,7,8.2527,flydsl_gemm4_abf16_wbf16_bf16_t32x64x128_split_k7_block_m_warp1_block_n_warp4_block_k_warp1_async_copyTrue_b_to_ldsTrue_b_preshuffleFalse_c_to_ldsFalse_gfx950,0.0197,71.15,1038.31
gfx950,256,96,512,7168,False,torch.bfloat16,torch.bfloat16,False,False,flydsl,13498,7,9.1773,flydsl_gemm5_abf16_wbf16_bf16_t32x64x128_split_k7_block_m_warp1_block_n_warp4_block_k_warp1_async_copyTrue_b_to_ldsTrue_b_preshuffleFalse_c_to_ldsFalse_gfx950,0.0198,76.78,960.48
gfx950,256,112,512,7168,False,torch.bfloat16,torch.bfloat16,False,False,flydsl,10231,7,8.9109,flydsl_gemm4_abf16_wbf16_bf16_t32x64x128_split_k7_block_m_warp2_block_n_warp2_block_k_warp1_async_copyTrue_b_to_ldsTrue_b_preshuffleFalse_c_to_ldsFalse_gfx950,0.0196,92.26,1016.77
gfx950,256,128,512,7168,False,torch.bfloat16,torch.bfloat16,False,False,flydsl,15283,7,9.7223,flydsl_gemm5_abf16_wbf16_bf16_t32x64x128_split_k7_block_m_warp1_block_n_warp4_block_k_warp1_async_copyTrue_b_to_ldsTrue_b_preshuffleFalse_c_to_ldsFalse_gfx950,0.0194,96.64,957.19
gfx950,256,144,512,7168,False,torch.bfloat16,torch.bfloat16,False,False,opus,203,6,12.5083,opus_gemm_flatmm_splitk_256x32x64x64_2x1_16x16x32_0x0x0_wgpcu2,0.0,84.5,763.64
gfx950,256,160,512,7168,False,torch.bfloat16,torch.bfloat16,False,False,opus,1203,6,12.5706,opus_gemm_flatmm_splitk_256x32x64x64_2x1_16x16x32_0x0x0_wgpcu2_nooob,0.0,93.42,779.41
gfx950,256,176,512,7168,False,torch.bfloat16,torch.bfloat16,False,False,opus,218,7,12.944,opus_gemm_flatmm_splitk_256x96x32x64_2x1_16x16x32_0x0x0_wgpcu2,0.0,99.8,775.91
gfx950,256,192,512,7168,False,torch.bfloat16,torch.bfloat16,False,False,opus,1218,7,12.7599,opus_gemm_flatmm_splitk_256x96x32x64_2x1_16x16x32_0x0x0_wgpcu2_nooob,0.0,110.45,806.37
gfx950,256,208,512,7168,False,torch.bfloat16,torch.bfloat16,False,False,opus,200,7,13.2541,opus_gemm_flatmm_splitk_256x64x64x64_2x1_16x16x32_0x0x0_wgpcu2,0.0,115.19,794.84
gfx950,256,224,512,7168,False,torch.bfloat16,torch.bfloat16,False,False,opus,212,6,13.6293,opus_gemm_flatmm_splitk_256x32x96x64_2x1_16x16x32_0x0x0_wgpcu2,0.0,120.63,790.99
gfx950,256,240,512,7168,False,torch.bfloat16,torch.bfloat16,False,False,opus,200,7,13.6221,opus_gemm_flatmm_splitk_256x64x64x64_2x1_16x16x32_0x0x0_wgpcu2,0.0,129.32,809.45
gfx950,256,256,512,7168,False,torch.bfloat16,torch.bfloat16,False,False,opus,1200,7,13.3999,opus_gemm_flatmm_splitk_256x64x64x64_2x1_16x16x32_0x0x0_wgpcu2_nooob,0.0,140.23,841.21
gfx950,256,288,512,7168,False,torch.bfloat16,torch.bfloat16,False,False,opus,200,6,14.2169,opus_gemm_flatmm_splitk_256x64x64x64_2x1_16x16x32_0x0x0_wgpcu2,0.0,148.69,827.45
gfx950,256,320,512,7168,False,torch.bfloat16,torch.bfloat16,False,False,opus,1200,6,14.0827,opus_gemm_flatmm_splitk_256x64x64x64_2x1_16x16x32_0x0x0_wgpcu2_nooob,0.0,166.79,870.23
gfx950,256,352,512,7168,False,torch.bfloat16,torch.bfloat16,False,False,asm,7,6,15.1451,_ZN5aiter39bf16gemm_fp32bf16_tn_80x64_splitk_cleanE,0.0183,170.6,841.64
gfx950,256,384,512,7168,False,torch.bfloat16,torch.bfloat16,False,False,asm,7,6,15.1596,_ZN5aiter39bf16gemm_fp32bf16_tn_80x64_splitk_cleanE,0.0184,185.93,873.26
gfx950,256,416,512,7168,False,torch.bfloat16,torch.bfloat16,False,False,asm,8,6,15.4695,_ZN5aiter39bf16gemm_fp32bf16_tn_96x64_splitk_cleanE,0.0181,197.39,887.54
gfx950,256,448,512,7168,False,torch.bfloat16,torch.bfloat16,False,False,asm,8,6,15.9937,_ZN5aiter39bf16gemm_fp32bf16_tn_96x64_splitk_cleanE,0.0183,205.6,889.18
gfx950,256,480,512,7168,False,torch.bfloat16,torch.bfloat16,False,False,asm,8,6,16.1355,_ZN5aiter39bf16gemm_fp32bf16_tn_96x64_splitk_cleanE,0.0182,218.35,911.83
gfx950,256,512,512,7168,False,torch.bfloat16,torch.bfloat16,False,False,asm,8,5,16.7068,_ZN5aiter39bf16gemm_fp32bf16_tn_96x64_splitk_cleanE,0.016,224.94,910.07
gfx950,256,544,512,7168,False,torch.bfloat16,torch.bfloat16,False,False,asm,8,5,16.8996,_ZN5aiter39bf16gemm_fp32bf16_tn_96x64_splitk_cleanE,0.016,236.28,928.77
gfx950,256,576,512,7168,False,torch.bfloat16,torch.bfloat16,False,False,asm,8,5,17.2579,_ZN5aiter39bf16gemm_fp32bf16_tn_96x64_splitk_cleanE,0.0162,244.98,937.97
gfx950,256,608,512,7168,False,torch.bfloat16,torch.bfloat16,False,False,asm,7,4,17.7596,_ZN5aiter39bf16gemm_fp32bf16_tn_80x64_splitk_cleanE,0.0135,251.29,939.15
gfx950,256,640,512,7168,False,torch.bfloat16,torch.bfloat16,False,False,asm,8,4,18.1416,_ZN5aiter39bf16gemm_fp32bf16_tn_96x64_splitk_cleanE,0.0134,258.94,946.47
gfx950,256,672,512,7168,False,torch.bfloat16,torch.bfloat16,False,False,opus,1220,4,18.2271,opus_gemm_flatmm_splitk_256x96x64x64_2x1_16x16x32_0x0x0_wgpcu1_nooob,0.0,270.61,968.99
gfx950,256,704,512,7168,False,torch.bfloat16,torch.bfloat16,False,False,asm,8,4,18.9482,_ZN5aiter39bf16gemm_fp32bf16_tn_96x64_splitk_cleanE,0.0136,272.71,958.06
gfx950,256,736,512,7168,False,torch.bfloat16,torch.bfloat16,False,False,asm,8,4,19.3752,_ZN5aiter39bf16gemm_fp32bf16_tn_96x64_splitk_cleanE,0.0137,278.82,962.31
gfx950,256,768,512,7168,False,torch.bfloat16,torch.bfloat16,False,False,asm,8,4,19.7858,_ZN5aiter39bf16gemm_fp32bf16_tn_96x64_splitk_cleanE,0.0134,284.91,967.18
gfx950,256,800,512,7168,False,torch.bfloat16,torch.bfloat16,False,False,asm,7,3,20.4947,_ZN5aiter39bf16gemm_fp32bf16_tn_80x64_splitk_cleanE,0.0104,286.51,957.71
gfx950,256,832,512,7168,False,torch.bfloat16,torch.bfloat16,False,False,asm,8,3,21.7508,_ZN5aiter39bf16gemm_fp32bf16_tn_96x64_splitk_cleanE,0.0104,280.77,925.0
gfx950,256,864,512,7168,False,torch.bfloat16,torch.bfloat16,False,False,opus,1221,4,22.0594,opus_gemm_flatmm_splitk_256x96x64x64_2x1_16x16x32_0x0x0_wgpcu2_nooob,0.0,287.49,934.34
gfx950,256,896,512,7168,False,torch.bfloat16,torch.bfloat16,False,False,torch,0,0,21.6908,native,0.0,303.2,972.88
gfx950,256,928,512,7168,False,torch.bfloat16,torch.bfloat16,False,False,torch,0,0,21.6173,native,0.0,315.1,998.93
gfx950,256,960,512,7168,False,torch.bfloat16,torch.bfloat16,False,False,torch,0,0,21.5731,native,0.0,326.63,1023.76
gfx950,256,992,512,7168,False,torch.bfloat16,torch.bfloat16,False,False,opus,200,4,24.2715,opus_gemm_flatmm_splitk_256x64x64x64_2x1_16x16x32_0x0x0_wgpcu2,0.0,299.99,930.19
gfx950,256,1024,512,7168,False,torch.bfloat16,torch.bfloat16,False,False,opus,1200,2,24.4494,opus_gemm_flatmm_splitk_256x64x64x64_2x1_16x16x32_0x0x0_wgpcu2_nooob,0.0,307.42,943.53
gfx950,256,1088,512,7168,False,torch.bfloat16,torch.bfloat16,False,False,opus,1200,2,25.3728,opus_gemm_flatmm_splitk_256x64x64x64_2x1_16x16x32_0x0x0_wgpcu2_nooob,0.0,314.74,947.93
gfx950,256,1152,512,7168,False,torch.bfloat16,torch.bfloat16,False,False,torch,0,0,26.4923,native,0.0,319.18,944.98
gfx950,256,1216,512,7168,False,torch.bfloat16,torch.bfloat16,False,False,torch,0,0,26.1445,native,0.0,341.39,995.15
gfx950,256,1280,512,7168,False,torch.bfloat16,torch.bfloat16,False,False,torch,0,0,26.4113,native,0.0,355.73,1022.32
gfx950,256,1344,512,7168,False,torch.bfloat16,torch.bfloat16,False,False,opus,1221,4,27.2167,opus_gemm_flatmm_splitk_256x96x64x64_2x1_16x16x32_0x0x0_wgpcu2_nooob,0.0,362.46,1028.19
gfx950,256,1408,512,7168,False,torch.bfloat16,torch.bfloat16,False,False,torch,0,0,27.769,native,0.0,372.17,1043.14
gfx950,256,1472,512,7168,False,torch.bfloat16,torch.bfloat16,False,False,torch,0,0,27.9079,native,0.0,387.15,1073.17
gfx950,256,1536,512,7168,False,torch.bfloat16,torch.bfloat16,False,False,torch,0,0,28.3241,native,0.0,398.05,1092.11
gfx950,256,1600,512,7168,False,torch.bfloat16,torch.bfloat16,False,False,opus,1200,2,37.4108,opus_gemm_flatmm_splitk_256x64x64x64_2x1_16x16x32_0x0x0_wgpcu2_nooob,0.0,313.92,853.12
gfx950,256,1664,512,7168,False,torch.bfloat16,torch.bfloat16,False,False,torch,0,0,30.1712,native,0.0,404.82,1090.41
gfx950,256,1728,512,7168,False,torch.bfloat16,torch.bfloat16,False,False,torch,0,0,30.6007,native,0.0,414.49,1107.23
gfx950,256,1792,512,7168,False,torch.bfloat16,torch.bfloat16,False,False,torch,0,0,30.5265,native,0.0,430.88,1142.13
gfx950,256,1856,512,7168,False,torch.bfloat16,torch.bfloat16,False,False,torch,0,0,31.5114,native,0.0,432.32,1137.63
gfx950,256,1920,512,7168,False,torch.bfloat16,torch.bfloat16,False,False,torch,0,0,32.4126,native,0.0,434.8,1136.32
gfx950,256,1984,512,7168,False,torch.bfloat16,torch.bfloat16,False,False,torch,0,0,32.524,native,0.0,447.75,1162.66
gfx950,256,2048,512,7168,False,torch.bfloat16,torch.bfloat16,False,False,torch,0,0,29.9782,native,0.0,501.44,1294.18
gfx950,256,4096,512,7168,False,torch.bfloat16,torch.bfloat16,False,False,torch,0,0,52.2449,native,0.0,575.46,1344.72
gfx950,256,6144,512,7168,False,torch.bfloat16,torch.bfloat16,False,False,torch,0,0,70.0322,native,0.0,643.95,1452.36
gfx950,256,8192,512,7168,False,torch.bfloat16,torch.bfloat16,False,False,torch,0,0,85.0491,native,0.0,707.0,1565.79
gfx950,256,10240,512,7168,False,torch.bfloat16,torch.bfloat16,False,False,torch,0,0,94.1512,native,0.0,798.31,1748.53
gfx950,256,12288,512,7168,False,torch.bfloat16,torch.bfloat16,False,False,torch,0,0,108.6717,native,0.0,829.97,1804.37
gfx950,256,14336,512,7168,False,torch.bfloat16,torch.bfloat16,False,False,triton,0,0,114.9339,auto,0.0,915.54,1979.76
gfx950,256,16384,512,7168,False,torch.bfloat16,torch.bfloat16,False,False,opus,1401,0,110.8565,opus_gemm_mono_tile_512x128x256x64_2x4_16x16x32_0x0x0_nooob,0.0,1084.82,2336.34
gfx950,256,32768,512,7168,False,torch.bfloat16,torch.bfloat16,False,False,torch,0,0,170.5685,native,0.0,1410.1,2993.85
gfx950,256,1,1024,7168,False,torch.bfloat16,torch.bfloat16,False,False,flydsl,6934,8,6.6123,flydsl_gemm4_abf16_wbf16_bf16_t16x64x128_split_k8_block_m_warp1_block_n_warp2_block_k_warp1_async_copyTrue_b_to_ldsTrue_b_preshuffleFalse_c_to_ldsFalse_gfx950,0.0254,2.22,2222.59
gfx950,256,2,1024,7168,False,torch.bfloat16,torch.bfloat16,False,False,flydsl,9648,7,6.6536,flydsl_gemm5_abf16_wbf16_bf16_t16x64x128_split_k7_block_m_warp1_block_n_warp2_block_k_warp1_async_copyTrue_b_to_ldsTrue_b_preshuffleFalse_c_to_ldsFalse_gfx950,0.0186,4.41,2211.26
gfx950,256,4,1024,7168,False,torch.bfloat16,torch.bfloat16,False,False,flydsl,6934,8,6.6483,flydsl_gemm4_abf16_wbf16_bf16_t16x64x128_split_k8_block_m_warp1_block_n_warp2_block_k_warp1_async_copyTrue_b_to_ldsTrue_b_preshuffleFalse_c_to_ldsFalse_gfx950,0.0261,8.83,2217.95
gfx950,256,8,1024,7168,False,torch.bfloat16,torch.bfloat16,False,False,flydsl,6934,8,6.819,flydsl_gemm4_abf16_wbf16_bf16_t16x64x128_split_k8_block_m_warp1_block_n_warp2_block_k_warp1_async_copyTrue_b_to_ldsTrue_b_preshuffleFalse_c_to_ldsFalse_gfx950,0.0205,17.22,2172.04
gfx950,256,16,1024,7168,False,torch.bfloat16,torch.bfloat16,False,False,flydsl,9654,8,7.2839,flydsl_gemm5_abf16_wbf16_bf16_t16x64x128_split_k8_block_m_warp1_block_n_warp2_block_k_warp1_async_copyTrue_b_to_ldsTrue_b_preshuffleFalse_c_to_ldsFalse_gfx950,0.0205,32.25,2051.4
gfx950,256,24,1024,7168,False,torch.bfloat16,torch.bfloat16,False,False,flydsl,6934,8,7.5462,flydsl_gemm4_abf16_wbf16_bf16_t16x64x128_split_k8_block_m_warp1_block_n_warp2_block_k_warp1_async_copyTrue_b_to_ldsTrue_b_preshuffleFalse_c_to_ldsFalse_gfx950,0.0214,46.69,1997.47
gfx950,256,32,1024,7168,False,torch.bfloat16,torch.bfloat16,False,False,flydsl,9654,8,7.7982,flydsl_gemm5_abf16_wbf16_bf16_t16x64x128_split_k8_block_m_warp1_block_n_warp2_block_k_warp1_async_copyTrue_b_to_ldsTrue_b_preshuffleFalse_c_to_ldsFalse_gfx950,0.0216,60.24,1949.73
gfx950,256,40,1024,7168,False,torch.bfloat16,torch.bfloat16,False,False,flydsl,7556,7,8.0468,flydsl_gemm4_abf16_wbf16_bf16_t32x64x128_split_k7_block_m_warp1_block_n_warp4_block_k_warp1_async_copyTrue_b_to_ldsTrue_b_preshuffleFalse_c_to_ldsFalse_gfx950,0.0194,72.97,1905.78
gfx950,256,48,1024,7168,False,torch.bfloat16,torch.bfloat16,False,False,flydsl,7562,7,8.6791,flydsl_gemm4_abf16_wbf16_bf16_t32x64x128_split_k7_block_m_warp2_block_n_warp2_block_k_warp1_async_copyTrue_b_to_ldsTrue_b_preshuffleFalse_c_to_ldsFalse_gfx950,0.0193,81.19,1782.04
gfx950,256,56,1024,7168,False,torch.bfloat16,torch.bfloat16,False,False,flydsl,7556,7,9.1822,flydsl_gemm4_abf16_wbf16_bf16_t32x64x128_split_k7_block_m_warp1_block_n_warp4_block_k_warp1_async_copyTrue_b_to_ldsTrue_b_preshuffleFalse_c_to_ldsFalse_gfx950,0.0197,89.53,1698.67
gfx950,256,64,1024,7168,False,torch.bfloat16,torch.bfloat16,False,False,flydsl,13498,7,9.5976,flydsl_gemm5_abf16_wbf16_bf16_t32x64x128_split_k7_block_m_warp1_block_n_warp4_block_k_warp1_async_copyTrue_b_to_ldsTrue_b_preshuffleFalse_c_to_ldsFalse_gfx950,0.02,97.89,1638.81
gfx950,256,72,1024,7168,False,torch.bfloat16,torch.bfloat16,False,False,opus,200,8,12.5422,opus_gemm_flatmm_splitk_256x64x64x64_2x1_16x16x32_0x0x0_wgpcu2,0.0,84.27,1264.51
gfx950,256,80,1024,7168,False,torch.bfloat16,torch.bfloat16,False,False,opus,218,8,12.56,opus_gemm_flatmm_splitk_256x96x32x64_2x1_16x16x32_0x0x0_wgpcu2,0.0,93.5,1273.15
gfx950,256,88,1024,7168,False,torch.bfloat16,torch.bfloat16,False,False,opus,218,8,12.8186,opus_gemm_flatmm_splitk_256x96x32x64_2x1_16x16x32_0x0x0_wgpcu2,0.0,100.78,1257.69
gfx950,256,96,1024,7168,False,torch.bfloat16,torch.bfloat16,False,False,opus,1218,8,12.8114,opus_gemm_flatmm_splitk_256x96x32x64_2x1_16x16x32_0x0x0_wgpcu2_nooob,0.0,110.0,1268.63
gfx950,256,104,1024,7168,False,torch.bfloat16,torch.bfloat16,False,False,opus,200,8,12.8654,opus_gemm_flatmm_splitk_256x64x64x64_2x1_16x16x32_0x0x0_wgpcu2,0.0,118.67,1273.49
gfx950,256,112,1024,7168,False,torch.bfloat16,torch.bfloat16,False,False,opus,200,8,13.18,opus_gemm_flatmm_splitk_256x64x64x64_2x1_16x16x32_0x0x0_wgpcu2,0.0,124.75,1253.04
gfx950,256,120,1024,7168,False,torch.bfloat16,torch.bfloat16,False,False,opus,200,8,13.2986,opus_gemm_flatmm_splitk_256x64x64x64_2x1_16x16x32_0x0x0_wgpcu2,0.0,132.47,1251.72
gfx950,256,128,1024,7168,False,torch.bfloat16,torch.bfloat16,False,False,opus,1200,7,13.1436,opus_gemm_flatmm_splitk_256x64x64x64_2x1_16x16x32_0x0x0_wgpcu2_nooob,0.0,142.96,1276.46
gfx950,256,136,1024,7168,False,torch.bfloat16,torch.bfloat16,False,False,asm,3,5,14.6343,_ZN5aiter39bf16gemm_fp32bf16_tn_48x64_splitk_cleanE,0.0163,136.43,1155.39
gfx950,256,144,1024,7168,False,torch.bfloat16,torch.bfloat16,False,False,asm,3,5,14.7386,_ZN5aiter39bf16gemm_fp32bf16_tn_48x64_splitk_cleanE,0.0164,143.43,1156.1
gfx950,256,152,1024,7168,False,torch.bfloat16,torch.bfloat16,False,False,asm,7,7,14.7955,_ZN5aiter39bf16gemm_fp32bf16_tn_80x64_splitk_cleanE,0.0201,150.81,1160.52
gfx950,256,160,1024,7168,False,torch.bfloat16,torch.bfloat16,False,False,asm,7,7,15.147,_ZN5aiter39bf16gemm_fp32bf16_tn_80x64_splitk_cleanE,0.0199,155.07,1142.24
gfx950,256,168,1024,7168,False,torch.bfloat16,torch.bfloat16,False,False,asm,5,5,15.1167,_ZN5aiter39bf16gemm_fp32bf16_tn_64x64_splitk_cleanE,0.0162,163.15,1153.2
gfx950,256,176,1024,7168,False,torch.bfloat16,torch.bfloat16,False,False,asm,5,5,15.1096,_ZN5aiter39bf16gemm_fp32bf16_tn_64x64_splitk_cleanE,0.0164,171.0,1162.42
gfx950,256,184,1024,7168,False,torch.bfloat16,torch.bfloat16,False,False,asm,8,8,15.3488,_ZN5aiter39bf16gemm_fp32bf16_tn_96x64_splitk_cleanE,0.0219,175.98,1152.84
gfx950,256,192,1024,7168,False,torch.bfloat16,torch.bfloat16,False,False,asm,5,5,15.2528,_ZN5aiter39bf16gemm_fp32bf16_tn_64x64_splitk_cleanE,0.0162,184.79,1168.69
gfx950,256,200,1024,7168,False,torch.bfloat16,torch.bfloat16,False,False,asm,7,5,15.784,_ZN5aiter39bf16gemm_fp32bf16_tn_80x64_splitk_cleanE,0.0163,186.01,1137.66
gfx950,256,208,1024,7168,False,torch.bfloat16,torch.bfloat16,False,False,asm,7,5,15.6534,_ZN5aiter39bf16gemm_fp32bf16_tn_80x64_splitk_cleanE,0.0161,195.07,1155.53
gfx950,256,216,1024,7168,False,torch.bfloat16,torch.bfloat16,False,False,asm,7,5,15.8885,_ZN5aiter39bf16gemm_fp32bf16_tn_80x64_splitk_cleanE,0.0163,199.57,1146.68
gfx950,256,224,1024,7168,False,torch.bfloat16,torch.bfloat16,False,False,asm,7,5,16.0577,_ZN5aiter39bf16gemm_fp32bf16_tn_80x64_splitk_cleanE,0.0161,204.78,1142.76
gfx950,256,232,1024,7168,False,torch.bfloat16,torch.bfloat16,False,False,asm,7,5,16.0787,_ZN5aiter39bf16gemm_fp32bf16_tn_80x64_splitk_cleanE,0.0163,211.82,1149.42
gfx950,256,240,1024,7168,False,torch.bfloat16,torch.bfloat16,False,False,asm,8,5,16.031,_ZN5aiter39bf16gemm_fp32bf16_tn_96x64_splitk_cleanE,0.0163,219.78,1161.01
gfx950,256,248,1024,7168,False,torch.bfloat16,torch.bfloat16,False,False,asm,8,5,16.381,_ZN5aiter39bf16gemm_fp32bf16_tn_96x64_splitk_cleanE,0.0162,222.25,1144.21
gfx950,256,256,1024,7168,False,torch.bfloat16,torch.bfloat16,False,False,asm,8,5,16.3251,_ZN5aiter39bf16gemm_fp32bf16_tn_96x64_splitk_cleanE,0.0164,230.2,1156.16
gfx950,256,264,1024,7168,False,torch.bfloat16,torch.bfloat16,False,False,asm,8,5,16.6057,_ZN5aiter39bf16gemm_fp32bf16_tn_96x64_splitk_cleanE,0.0163,233.39,1144.51
gfx950,256,272,1024,7168,False,torch.bfloat16,torch.bfloat16,False,False,asm,8,5,16.4912,_ZN5aiter39bf16gemm_fp32bf16_tn_96x64_splitk_cleanE,0.0164,242.13,1160.41
gfx950,256,280,1024,7168,False,torch.bfloat16,torch.bfloat16,False,False,asm,8,5,16.7351,_ZN5aiter39bf16gemm_fp32bf16_tn_96x64_splitk_cleanE,0.0165,245.62,1151.33
gfx950,256,288,1024,7168,False,torch.bfloat16,torch.bfloat16,False,False,asm,8,5,16.8014,_ZN5aiter39bf16gemm_fp32bf16_tn_96x64_splitk_cleanE,0.0163,251.64,1154.59
gfx950,256,296,1024,7168,False,torch.bfloat16,torch.bfloat16,False,False,asm,7,4,17.612,_ZN5aiter39bf16gemm_fp32bf16_tn_80x64_splitk_cleanE,0.0139,246.72,1108.89
gfx950,256,304,1024,7168,False,torch.bfloat16,torch.bfloat16,False,False,asm,7,4,17.78,_ZN5aiter39bf16gemm_fp32bf16_tn_80x64_splitk_cleanE,0.0138,251.0,1105.78
gfx950,256,312,1024,7168,False,torch.bfloat16,torch.bfloat16,False,False,asm,7,4,17.832,_ZN5aiter39bf16gemm_fp32bf16_tn_80x64_splitk_cleanE,0.0139,256.85,1109.91
gfx950,256,320,1024,7168,False,torch.bfloat16,torch.bfloat16,False,False,asm,7,4,17.9117,_ZN5aiter39bf16gemm_fp32bf16_tn_80x64_splitk_cleanE,0.0139,262.27,1112.29
gfx950,256,328,1024,7168,False,torch.bfloat16,torch.bfloat16,False,False,asm,8,4,18.181,_ZN5aiter39bf16gemm_fp32bf16_tn_96x64_splitk_cleanE,0.0138,264.84,1103.02
gfx950,256,336,1024,7168,False,torch.bfloat16,torch.bfloat16,False,False,asm,8,4,18.3968,_ZN5aiter39bf16gemm_fp32bf16_tn_96x64_splitk_cleanE,0.0138,268.12,1097.21
gfx950,256,344,1024,7168,False,torch.bfloat16,torch.bfloat16,False,False,asm,8,4,18.2675,_ZN5aiter39bf16gemm_fp32bf16_tn_96x64_splitk_cleanE,0.0138,276.44,1112.15
gfx950,256,352,1024,7168,False,torch.bfloat16,torch.bfloat16,False,False,asm,8,4,18.4308,_ZN5aiter39bf16gemm_fp32bf16_tn_96x64_splitk_cleanE,0.0138,280.37,1109.41
gfx950,256,376,1024,7168,False,torch.bfloat16,torch.bfloat16,False,False,asm,8,4,18.9513,_ZN5aiter39bf16gemm_fp32bf16_tn_96x64_splitk_cleanE,0.0138,291.26,1099.68
gfx950,256,384,1024,7168,False,torch.bfloat16,torch.bfloat16,False,False,asm,8,4,18.9619,_ZN5aiter39bf16gemm_fp32bf16_tn_96x64_splitk_cleanE,0.0138,297.29,1105.98
gfx950,256,416,1024,7168,False,torch.bfloat16,torch.bfloat16,False,False,asm,8,3,20.7081,_ZN5aiter39bf16gemm_fp32bf16_tn_96x64_splitk_cleanE,0.0106,294.9,1038.04
gfx950,256,448,1024,7168,False,torch.bfloat16,torch.bfloat16,False,False,torch,0,0,21.5668,native,0.0,304.94,1021.02
gfx950,256,480,1024,7168,False,torch.bfloat16,torch.bfloat16,False,False,opus,200,4,23.1867,opus_gemm_flatmm_splitk_256x64x64x64_2x1_16x16x32_0x0x0_wgpcu2,0.0,303.9,972.3
gfx950,256,512,1024,7168,False,torch.bfloat16,torch.bfloat16,False,False,torch,0,0,19.4215,native,0.0,387.0,1187.79
gfx950,256,544,1024,7168,False,torch.bfloat16,torch.bfloat16,False,False,asm,7,2,27.1352,_ZN5aiter39bf16gemm_fp32bf16_tn_80x64_splitk_cleanE,0.0061,294.3,869.46
gfx950,256,576,1024,7168,False,torch.bfloat16,torch.bfloat16,False,False,torch,0,0,21.0495,native,0.0,401.71,1145.74
gfx950,256,608,1024,7168,False,torch.bfloat16,torch.bfloat16,False,False,torch,0,0,26.5456,native,0.0,336.23,928.27
gfx950,256,640,1024,7168,False,torch.bfloat16,torch.bfloat16,False,False,torch,0,0,26.8312,native,0.0,350.16,937.93
gfx950,256,672,1024,7168,False,torch.bfloat16,torch.bfloat16,False,False,opus,1221,4,27.658,opus_gemm_flatmm_splitk_256x96x64x64_2x1_16x16x32_0x0x0_wgpcu2_nooob,0.0,356.68,928.85
gfx950,256,704,1024,7168,False,torch.bfloat16,torch.bfloat16,False,False,torch,0,0,28.1021,native,0.0,367.76,932.83
gfx950,256,736,1024,7168,False,torch.bfloat16,torch.bfloat16,False,False,torch,0,0,28.0228,native,0.0,385.56,954.18
gfx950,256,768,1024,7168,False,torch.bfloat16,torch.bfloat16,False,False,torch,0,0,28.1604,native,0.0,400.36,968.13
gfx950,256,800,1024,7168,False,torch.bfloat16,torch.bfloat16,False,False,opus,200,2,37.7212,opus_gemm_flatmm_splitk_256x64x64x64_2x1_16x16x32_0x0x0_wgpcu2,0.0,311.34,736.65
gfx950,256,832,1024,7168,False,torch.bfloat16,torch.bfloat16,False,False,torch,0,0,30.3309,native,0.0,402.69,933.42
gfx950,256,864,1024,7168,False,torch.bfloat16,torch.bfloat16,False,False,torch,0,0,31.3638,native,0.0,404.4,919.4
gfx950,256,896,1024,7168,False,torch.bfloat16,torch.bfloat16,False,False,torch,0,0,30.7206,native,0.0,428.16,955.71
gfx950,256,928,1024,7168,False,torch.bfloat16,torch.bfloat16,False,False,torch,0,0,32.4558,native,0.0,419.74,920.77
gfx950,256,960,1024,7168,False,torch.bfloat16,torch.bfloat16,False,False,torch,0,0,32.655,native,0.0,431.57,931.21
gfx950,256,992,1024,7168,False,torch.bfloat16,torch.bfloat16,False,False,torch,0,0,33.2178,native,0.0,438.4,931.22
gfx950,256,1024,1024,7168,False,torch.bfloat16,torch.bfloat16,False,False,torch,0,0,28.046,native,0.0,535.99,1121.63
gfx950,256,1088,1024,7168,False,torch.bfloat16,torch.bfloat16,False,False,torch,0,0,35.1726,native,0.0,454.1,924.18
gfx950,256,1152,1024,7168,False,torch.bfloat16,torch.bfloat16,False,False,torch,0,0,35.1733,native,0.0,480.8,953.97
gfx950,256,1216,1024,7168,False,torch.bfloat16,torch.bfloat16,False,False,torch,0,0,36.6771,native,0.0,486.71,943.45
gfx950,256,1280,1024,7168,False,torch.bfloat16,torch.bfloat16,False,False,torch,0,0,35.8826,native,0.0,523.67,993.56
gfx950,256,1344,1024,7168,False,torch.bfloat16,torch.bfloat16,False,False,torch,0,0,39.6347,native,0.0,497.8,925.96
gfx950,256,1408,1024,7168,False,torch.bfloat16,torch.bfloat16,False,False,torch,0,0,39.9991,native,0.0,516.75,943.74
gfx950,256,1472,1024,7168,False,torch.bfloat16,torch.bfloat16,False,False,torch,0,0,39.9759,native,0.0,540.55,970.52
gfx950,256,1536,1024,7168,False,torch.bfloat16,torch.bfloat16,False,False,torch,0,0,36.9213,native,0.0,610.72,1079.21
gfx950,256,1600,1024,7168,False,torch.bfloat16,torch.bfloat16,False,False,torch,0,0,42.7448,native,0.0,549.5,956.71
gfx950,256,1664,1024,7168,False,torch.bfloat16,torch.bfloat16,False,False,torch,0,0,46.0156,native,0.0,530.86,911.5
gfx950,256,1728,1024,7168,False,torch.bfloat16,torch.bfloat16,False,False,torch,0,0,44.4392,native,0.0,570.83,967.43
gfx950,256,1792,1024,7168,False,torch.bfloat16,torch.bfloat16,False,False,torch,0,0,45.174,native,0.0,582.34,974.9
gfx950,256,1856,1024,7168,False,torch.bfloat16,torch.bfloat16,False,False,torch,0,0,49.3334,native,0.0,552.29,913.96
gfx950,256,1920,1024,7168,False,torch.bfloat16,torch.bfloat16,False,False,torch,0,0,47.0684,native,0.0,598.82,980.22
gfx950,256,1984,1024,7168,False,torch.bfloat16,torch.bfloat16,False,False,torch,0,0,50.4496,native,0.0,577.31,935.31
gfx950,256,2048,1024,7168,False,torch.bfloat16,torch.bfloat16,False,False,torch,0,0,43.537,native,0.0,690.56,1107.9
gfx950,256,4096,1024,7168,False,torch.bfloat16,torch.bfloat16,False,False,torch,0,0,68.9699,native,0.0,871.82,1185.86
gfx950,256,6144,1024,7168,False,torch.bfloat16,torch.bfloat16,False,False,torch,0,0,104.4099,native,0.0,863.85,1104.72
gfx950,256,8192,1024,7168,False,torch.bfloat16,torch.bfloat16,False,False,opus,1401,0,107.1617,opus_gemm_mono_tile_512x128x256x64_2x4_16x16x32_0x0x0_nooob,0.0,1122.22,1389.47
gfx950,256,10240,1024,7168,False,torch.bfloat16,torch.bfloat16,False,False,torch,0,0,126.5171,native,0.0,1188.17,1442.12
gfx950,256,12288,1024,7168,False,torch.bfloat16,torch.bfloat16,False,False,opus,1400,0,133.6707,opus_gemm_mono_tile_512x192x256x64_2x4_16x16x32_0x0x0_nooob,0.0,1349.5,1615.96
gfx950,256,14336,1024,7168,False,torch.bfloat16,torch.bfloat16,False,False,torch,0,0,160.3423,native,0.0,1312.53,1556.43
gfx950,256,16384,1024,7168,False,torch.bfloat16,torch.bfloat16,False,False,torch,0,0,167.2162,native,0.0,1438.37,1693.11
gfx950,256,32768,1024,7168,False,torch.bfloat16,torch.bfloat16,False,False,torch,0,0,316.221,native,0.0,1521.2,1744.19
gfx950,256,1,2048,7168,False,torch.bfloat16,torch.bfloat16,False,False,flydsl,3819,7,7.9885,flydsl_gemm3_abf16_wbf16_bf16_t16x64x128_split_k7_block_m_warp1_block_n_warp2_block_k_warp1_async_copyTrue_b_to_ldsTrue_b_preshuffleFalse_c_to_ldsFalse_gfx950,0.0195,3.68,3677.61
gfx950,256,2,2048,7168,False,torch.bfloat16,torch.bfloat16,False,False,flydsl,6982,7,8.1109,flydsl_gemm4_abf16_wbf16_bf16_t16x64x64_split_k7_block_m_warp1_block_n_warp2_block_k_warp1_async_copyTrue_b_to_ldsTrue_b_preshuffleFalse_c_to_ldsFalse_gfx950,0.0173,7.24,3624.38
gfx950,256,4,2048,7168,False,torch.bfloat16,torch.bfloat16,False,False,flydsl,3819,7,8.253,flydsl_gemm3_abf16_wbf16_bf16_t16x64x128_split_k7_block_m_warp1_block_n_warp2_block_k_warp1_async_copyTrue_b_to_ldsTrue_b_preshuffleFalse_c_to_ldsFalse_gfx950,0.0188,14.23,3566.44
gfx950,256,8,2048,7168,False,torch.bfloat16,torch.bfloat16,False,False,flydsl,3819,7,8.4,flydsl_gemm3_abf16_wbf16_bf16_t16x64x128_split_k7_block_m_warp1_block_n_warp2_block_k_warp1_async_copyTrue_b_to_ldsTrue_b_preshuffleFalse_c_to_ldsFalse_gfx950,0.0178,27.96,3512.81
gfx950,256,16,2048,7168,False,torch.bfloat16,torch.bfloat16,False,False,flydsl,6928,7,9.064,flydsl_gemm4_abf16_wbf16_bf16_t16x64x128_split_k7_block_m_warp1_block_n_warp2_block_k_warp1_async_copyTrue_b_to_ldsTrue_b_preshuffleFalse_c_to_ldsFalse_gfx950,0.0197,51.83,3271.74
gfx950,256,32,2048,7168,False,torch.bfloat16,torch.bfloat16,False,False,opus,203,8,12.3849,opus_gemm_flatmm_splitk_256x32x64x64_2x1_16x16x32_0x0x0_wgpcu2,0.0,75.86,2418.26
gfx950,256,48,2048,7168,False,torch.bfloat16,torch.bfloat16,False,False,opus,200,8,13.4901,opus_gemm_flatmm_splitk_256x64x64x64_2x1_16x16x32_0x0x0_wgpcu2,0.0,104.47,2242.0
gfx950,256,64,2048,7168,False,torch.bfloat16,torch.bfloat16,False,False,opus,1200,8,13.6786,opus_gemm_flatmm_splitk_256x64x64x64_2x1_16x16x32_0x0x0_wgpcu2_nooob,0.0,137.37,2232.67
gfx950,256,80,2048,7168,False,torch.bfloat16,torch.bfloat16,False,False,asm,7,6,15.5517,_ZN5aiter39bf16gemm_fp32bf16_tn_80x64_splitk_cleanE,0.0181,151.03,1982.72
gfx950,256,96,2048,7168,False,torch.bfloat16,torch.bfloat16,False,False,opus,1222,10,15.8597,opus_gemm_flatmm_splitk_256x96x64x128_2x1_16x16x32_0x0x0_wgpcu1_nooob,0.0,177.72,1962.81
gfx950,256,112,2048,7168,False,torch.bfloat16,torch.bfloat16,False,False,opus,200,4,16.9108,opus_gemm_flatmm_splitk_256x64x64x64_2x1_16x16x32_0x0x0_wgpcu2,0.0,194.45,1858.25
gfx950,256,128,2048,7168,False,torch.bfloat16,torch.bfloat16,False,False,asm,5,4,17.1818,_ZN5aiter39bf16gemm_fp32bf16_tn_64x64_splitk_cleanE,0.014,218.73,1846.11
gfx950,256,144,2048,7168,False,torch.bfloat16,torch.bfloat16,False,False,asm,7,4,17.9574,_ZN5aiter39bf16gemm_fp32bf16_tn_80x64_splitk_cleanE,0.0142,235.44,1782.79
gfx950,256,160,2048,7168,False,torch.bfloat16,torch.bfloat16,False,False,asm,7,4,18.0964,_ZN5aiter39bf16gemm_fp32bf16_tn_80x64_splitk_cleanE,0.0142,259.59,1785.4
gfx950,256,176,2048,7168,False,torch.bfloat16,torch.bfloat16,False,False,asm,8,4,18.9192,_ZN5aiter39bf16gemm_fp32bf16_tn_96x64_splitk_cleanE,0.0142,273.13,1723.34
gfx950,256,192,2048,7168,False,torch.bfloat16,torch.bfloat16,False,False,asm,8,4,19.126,_ZN5aiter39bf16gemm_fp32bf16_tn_96x64_splitk_cleanE,0.0142,294.74,1720.12
gfx950,256,208,2048,7168,False,torch.bfloat16,torch.bfloat16,False,False,torch,0,0,22.618,native,0.0,270.0,1467.59
gfx950,256,224,2048,7168,False,torch.bfloat16,torch.bfloat16,False,False,opus,200,4,22.6094,opus_gemm_flatmm_splitk_256x64x64x64_2x1_16x16x32_0x0x0_wgpcu2,0.0,290.88,1481.19
gfx950,256,240,2048,7168,False,torch.bfloat16,torch.bfloat16,False,False,torch,0,0,23.8152,native,0.0,295.88,1418.58
gfx950,256,256,2048,7168,False,torch.bfloat16,torch.bfloat16,False,False,torch,0,0,21.2193,native,0.0,354.21,1606.02
gfx950,256,288,2048,7168,False,torch.bfloat16,torch.bfloat16,False,False,asm,7,2,26.991,_ZN5aiter39bf16gemm_fp32bf16_tn_80x64_splitk_cleanE,0.0061,313.28,1284.45
gfx950,256,320,2048,7168,False,torch.bfloat16,torch.bfloat16,False,False,torch,0,0,26.1063,native,0.0,359.88,1350.57
gfx950,256,352,2048,7168,False,torch.bfloat16,torch.bfloat16,False,False,torch,0,0,27.9019,native,0.0,370.4,1284.79
gfx950,256,384,2048,7168,False,torch.bfloat16,torch.bfloat16,False,False,torch,0,0,28.3363,native,0.0,397.87,1285.91
gfx950,256,416,2048,7168,False,torch.bfloat16,torch.bfloat16,False,False,torch,0,0,29.8728,native,0.0,408.86,1239.52
gfx950,256,448,2048,7168,False,torch.bfloat16,torch.bfloat16,False,False,torch,0,0,30.7502,native,0.0,427.75,1223.33
gfx950,256,480,2048,7168,False,torch.bfloat16,torch.bfloat16,False,False,torch,0,0,32.5686,native,0.0,432.71,1173.14
gfx950,256,512,2048,7168,False,torch.bfloat16,torch.bfloat16,False,False,torch,0,0,29.0942,native,0.0,516.68,1333.51
gfx950,256,544,2048,7168,False,torch.bfloat16,torch.bfloat16,False,False,torch,0,0,35.7779,native,0.0,446.42,1100.88
gfx950,256,576,2048,7168,False,torch.bfloat16,torch.bfloat16,False,False,torch,0,0,30.7462,native,0.0,550.03,1300.22
gfx950,256,608,2048,7168,False,torch.bfloat16,torch.bfloat16,False,False,torch,0,0,36.2572,native,0.0,492.34,1118.86
gfx950,256,640,2048,7168,False,torch.bfloat16,torch.bfloat16,False,False,torch,0,0,36.609,native,0.0,513.27,1124.22
gfx950,256,672,2048,7168,False,torch.bfloat16,torch.bfloat16,False,False,torch,0,0,39.9539,native,0.0,493.82,1044.87
gfx950,256,704,2048,7168,False,torch.bfloat16,torch.bfloat16,False,False,torch,0,0,40.2423,native,0.0,513.63,1052.03
gfx950,256,736,2048,7168,False,torch.bfloat16,torch.bfloat16,False,False,torch,0,0,39.8147,native,0.0,542.74,1078.15
gfx950,256,768,2048,7168,False,torch.bfloat16,torch.bfloat16,False,False,torch,0,0,40.9716,native,0.0,550.35,1062.1
gfx950,256,800,2048,7168,False,torch.bfloat16,torch.bfloat16,False,False,torch,0,0,43.4003,native,0.0,541.2,1016.25
gfx950,256,832,2048,7168,False,torch.bfloat16,torch.bfloat16,False,False,torch,0,0,44.1603,native,0.0,553.16,1012.12
gfx950,256,864,2048,7168,False,torch.bfloat16,torch.bfloat16,False,False,torch,0,0,45.1264,native,0.0,562.14,1003.52
gfx950,256,896,2048,7168,False,torch.bfloat16,torch.bfloat16,False,False,torch,0,0,46.4496,native,0.0,566.35,987.63
gfx950,256,928,2048,7168,False,torch.bfloat16,torch.bfloat16,False,False,torch,0,0,46.566,native,0.0,585.11,997.83
gfx950,256,960,2048,7168,False,torch.bfloat16,torch.bfloat16,False,False,torch,0,0,47.9536,native,0.0,587.77,981.26
gfx950,256,992,2048,7168,False,torch.bfloat16,torch.bfloat16,False,False,torch,0,0,50.6896,native,0.0,574.58,939.93
gfx950,256,1024,2048,7168,False,torch.bfloat16,torch.bfloat16,False,False,torch,0,0,43.0191,native,0.0,698.87,1121.23
gfx950,256,1088,2048,7168,False,torch.bfloat16,torch.bfloat16,False,False,torch,0,0,51.9912,native,0.0,614.41,950.43
gfx950,256,1152,2048,7168,False,torch.bfloat16,torch.bfloat16,False,False,torch,0,0,53.2623,native,0.0,635.02,949.9
gfx950,256,1216,2048,7168,False,torch.bfloat16,torch.bfloat16,False,False,torch,0,0,55.9528,native,0.0,638.07,925.31
gfx950,256,1280,2048,7168,False,torch.bfloat16,torch.bfloat16,False,False,torch,0,0,53.3354,native,0.0,704.62,992.83
gfx950,256,1344,2048,7168,False,torch.bfloat16,torch.bfloat16,False,False,torch,0,0,58.0101,native,0.0,680.23,933.16
gfx950,256,1408,2048,7168,False,torch.bfloat16,torch.bfloat16,False,False,torch,0,0,58.2013,native,0.0,710.28,950.36
gfx950,256,1472,2048,7168,False,torch.bfloat16,torch.bfloat16,False,False,torch,0,0,72.0924,native,0.0,599.48,783.61
gfx950,256,1536,2048,7168,False,torch.bfloat16,torch.bfloat16,False,False,torch,0,0,56.751,native,0.0,794.65,1016.22
gfx950,256,1600,2048,7168,False,torch.bfloat16,torch.bfloat16,False,False,torch,0,0,74.4234,native,0.0,631.2,790.76
gfx950,256,1664,2048,7168,False,torch.bfloat16,torch.bfloat16,False,False,torch,0,0,77.207,native,0.0,632.78,777.53
gfx950,256,1728,2048,7168,False,torch.bfloat16,torch.bfloat16,False,False,torch,0,0,74.4932,native,0.0,681.06,821.69
gfx950,256,1792,2048,7168,False,torch.bfloat16,torch.bfloat16,False,False,torch,0,0,80.7984,native,0.0,651.17,772.17
gfx950,256,1856,2048,7168,False,torch.bfloat16,torch.bfloat16,False,False,torch,0,0,80.8092,native,0.0,674.33,786.67
gfx950,256,1920,2048,7168,False,torch.bfloat16,torch.bfloat16,False,False,torch,0,0,82.4793,native,0.0,683.46,785.04
gfx950,256,1984,2048,7168,False,torch.bfloat16,torch.bfloat16,False,False,torch,0,0,81.4648,native,0.0,715.04,809.3
gfx950,256,2048,2048,7168,False,torch.bfloat16,torch.bfloat16,False,False,torch,0,0,83.6545,native,0.0,718.78,802.21
gfx950,256,4096,2048,7168,False,torch.bfloat16,torch.bfloat16,False,False,opus,1401,0,107.2229,opus_gemm_mono_tile_512x128x256x64_2x4_16x16x32_0x0x0_nooob,0.0,1121.58,977.94
gfx950,256,6144,2048,7168,False,torch.bfloat16,torch.bfloat16,False,False,opus,1400,0,134.3312,opus_gemm_mono_tile_512x192x256x64_2x4_16x16x32_0x0x0_nooob,0.0,1342.86,1061.6
gfx950,256,8192,2048,7168,False,torch.bfloat16,torch.bfloat16,False,False,torch,0,0,170.6147,native,0.0,1409.72,1057.09
gfx950,256,10240,2048,7168,False,torch.bfloat16,torch.bfloat16,False,False,torch,0,0,238.0791,native,0.0,1262.81,916.1
gfx950,256,12288,2048,7168,False,torch.bfloat16,torch.bfloat16,False,False,opus,1400,0,260.1903,opus_gemm_mono_tile_512x192x256x64_2x4_16x16x32_0x0x0_nooob,0.0,1386.59,983.33
gfx950,256,14336,2048,7168,False,torch.bfloat16,torch.bfloat16,False,False,torch,0,0,309.6516,native,0.0,1359.29,948.17
gfx950,256,16384,2048,7168,False,torch.bfloat16,torch.bfloat16,False,False,torch,0,0,309.4906,native,0.0,1554.28,1070.63
gfx950,256,32768,2048,7168,False,torch.bfloat16,torch.bfloat16,False,False,torch,0,0,617.1103,native,0.0,1559.0,1026.3
gfx950,256,1,129280,7168,False,torch.bfloat16,torch.bfloat16,False,False,triton,0,0,262.704,auto,0.0,7.05,7055.97
gfx950,256,2,129280,7168,False,torch.bfloat16,torch.bfloat16,False,False,triton,0,0,273.5136,auto,0.0,13.55,6778.1
gfx950,256,4,129280,7168,False,torch.bfloat16,torch.bfloat16,False,False,triton,0,0,268.5232,auto,0.0,27.61,6906.11
gfx950,256,8,129280,7168,False,torch.bfloat16,torch.bfloat16,False,False,triton,0,0,267.9411,auto,0.0,55.34,6925.18
gfx950,256,16,129280,7168,False,torch.bfloat16,torch.bfloat16,False,False,triton,0,0,288.3495,auto,0.0,102.84,6442.61
gfx950,256,24,129280,7168,False,torch.bfloat16,torch.bfloat16,False,False,torch,0,0,303.4035,native,0.0,146.61,6130.15
gfx950,256,32,129280,7168,False,torch.bfloat16,torch.bfloat16,False,False,torch,0,0,279.0753,native,0.0,212.51,6672.36
gfx950,256,40,129280,7168,False,torch.bfloat16,torch.bfloat16,False,False,torch,0,0,304.1847,native,0.0,243.71,6128.76
gfx950,256,48,129280,7168,False,torch.bfloat16,torch.bfloat16,False,False,torch,0,0,304.3328,native,0.0,292.32,6132.95
gfx950,256,56,129280,7168,False,torch.bfloat16,torch.bfloat16,False,False,torch,0,0,304.6666,native,0.0,340.66,6133.39
gfx950,256,64,129280,7168,False,torch.bfloat16,torch.bfloat16,False,False,torch,0,0,287.4731,native,0.0,412.61,6507.82
gfx950,256,72,129280,7168,False,torch.bfloat16,torch.bfloat16,False,False,torch,0,0,309.28,native,0.0,431.46,6056.02
gfx950,256,80,129280,7168,False,torch.bfloat16,torch.bfloat16,False,False,torch,0,0,311.1689,native,0.0,476.49,6026.28
gfx950,256,88,129280,7168,False,torch.bfloat16,torch.bfloat16,False,False,opus,8,0,320.7728,opus_gemm_512x128x256x64_2x4_16x16x32_0x0x0,0.0,508.45,5852.66
gfx950,256,96,129280,7168,False,torch.bfloat16,torch.bfloat16,False,False,torch,0,0,292.536,native,0.0,608.21,6425.04
gfx950,256,104,129280,7168,False,torch.bfloat16,torch.bfloat16,False,False,opus,2008,0,324.5846,opus_gemm_512x128x256x64_2x4_16x16x32_0x0x0_cA1cB17,0.0,593.83,5797.38
gfx950,256,112,129280,7168,False,torch.bfloat16,torch.bfloat16,False,False,opus,8,0,330.394,opus_gemm_512x128x256x64_2x4_16x16x32_0x0x0,0.0,628.27,5702.05
gfx950,256,120,129280,7168,False,torch.bfloat16,torch.bfloat16,False,False,opus,8,0,328.8433,opus_gemm_512x128x256x64_2x4_16x16x32_0x0x0,0.0,676.32,5735.58
gfx950,256,128,129280,7168,False,torch.bfloat16,torch.bfloat16,False,False,opus,1401,0,323.9661,opus_gemm_mono_tile_512x128x256x64_2x4_16x16x32_0x0x0_nooob,0.0,732.27,5828.66
gfx950,256,136,129280,7168,False,torch.bfloat16,torch.bfloat16,False,False,torch,0,0,356.6031,native,0.0,706.83,5301.33
gfx950,256,144,129280,7168,False,torch.bfloat16,torch.bfloat16,False,False,torch,0,0,348.8755,native,0.0,764.98,5425.02
gfx950,256,152,129280,7168,False,torch.bfloat16,torch.bfloat16,False,False,asm,10,1,369.4739,_ZN5aiter24bf16gemm_bf16_tn_256x256E,0.0,762.46,5128.48
gfx950,256,160,129280,7168,False,torch.bfloat16,torch.bfloat16,False,False,asm,10,1,374.3478,_ZN5aiter24bf16gemm_bf16_tn_256x256E,0.0,792.14,5067.54
gfx950,256,168,129280,7168,False,torch.bfloat16,torch.bfloat16,False,False,torch,0,0,374.449,native,0.0,831.53,5072.0
gfx950,256,176,129280,7168,False,torch.bfloat16,torch.bfloat16,False,False,torch,0,0,372.3888,native,0.0,875.94,5105.92
gfx950,256,184,129280,7168,False,torch.bfloat16,torch.bfloat16,False,False,torch,0,0,368.1923,native,0.0,926.2,5170.05
gfx950,256,192,129280,7168,False,torch.bfloat16,torch.bfloat16,False,False,opus,1400,0,360.1892,opus_gemm_mono_tile_512x192x256x64_2x4_16x16x32_0x0x0_nooob,0.0,987.94,5290.98
gfx950,256,200,129280,7168,False,torch.bfloat16,torch.bfloat16,False,False,asm,10,1,380.4227,_ZN5aiter24bf16gemm_bf16_tn_256x256E,0.0,974.37,5015.31
gfx950,256,208,129280,7168,False,torch.bfloat16,torch.bfloat16,False,False,asm,10,1,390.9213,_ZN5aiter24bf16gemm_bf16_tn_256x256E,0.0,986.13,4886.2
gfx950,256,216,129280,7168,False,torch.bfloat16,torch.bfloat16,False,False,asm,10,1,392.1758,_ZN5aiter24bf16gemm_bf16_tn_256x256E,0.0,1020.78,4876.14
gfx950,256,224,129280,7168,False,torch.bfloat16,torch.bfloat16,False,False,torch,0,0,399.0059,native,0.0,1040.47,4798.14
gfx950,256,232,129280,7168,False,torch.bfloat16,torch.bfloat16,False,False,torch,0,0,401.4567,native,0.0,1071.05,4774.29
gfx950,256,240,129280,7168,False,torch.bfloat16,torch.bfloat16,False,False,asm,10,1,401.6712,_ZN5aiter24bf16gemm_bf16_tn_256x256E,0.0,1107.39,4777.17
gfx950,256,248,129280,7168,False,torch.bfloat16,torch.bfloat16,False,False,torch,0,0,407.4974,native,0.0,1127.94,4714.23
gfx950,256,256,129280,7168,False,torch.bfloat16,torch.bfloat16,False,False,torch,0,0,402.7585,native,0.0,1178.03,4775.12
gfx950,256,264,129280,7168,False,torch.bfloat16,torch.bfloat16,False,False,torch,0,0,574.0893,native,0.0,852.28,3353.84
gfx950,256,272,129280,7168,False,torch.bfloat16,torch.bfloat16,False,False,torch,0,0,576.9267,native,0.0,873.79,3341.13
gfx950,256,280,129280,7168,False,torch.bfloat16,torch.bfloat16,False,False,torch,0,0,570.725,native,0.0,909.26,3381.26
gfx950,256,288,129280,7168,False,torch.bfloat16,torch.bfloat16,False,False,torch,0,0,572.4596,native,0.0,932.41,3374.83
gfx950,256,296,129280,7168,False,torch.bfloat16,torch.bfloat16,False,False,torch,0,0,539.8099,native,0.0,1016.27,3582.99
gfx950,256,304,129280,7168,False,torch.bfloat16,torch.bfloat16,False,False,torch,0,0,542.6806,native,0.0,1038.22,3568.06
gfx950,256,312,129280,7168,False,torch.bfloat16,torch.bfloat16,False,False,torch,0,0,560.2199,native,0.0,1032.18,3460.25
gfx950,256,320,129280,7168,False,torch.bfloat16,torch.bfloat16,False,False,torch,0,0,544.8992,native,0.0,1088.41,3561.55
gfx950,256,328,129280,7168,False,torch.bfloat16,torch.bfloat16,False,False,torch,0,0,633.6328,native,0.0,959.39,3066.24
gfx950,256,336,129280,7168,False,torch.bfloat16,torch.bfloat16,False,False,asm,10,1,628.4151,_ZN5aiter24bf16gemm_bf16_tn_256x256E,0.0,990.95,3095.17
gfx950,256,344,129280,7168,False,torch.bfloat16,torch.bfloat16,False,False,asm,10,1,630.7149,_ZN5aiter24bf16gemm_bf16_tn_256x256E,0.0,1010.85,3087.34
gfx950,256,352,129280,7168,False,torch.bfloat16,torch.bfloat16,False,False,torch,0,0,624.6106,native,0.0,1044.46,3121.01
gfx950,256,376,129280,7168,False,torch.bfloat16,torch.bfloat16,False,False,torch,0,0,606.7913,native,0.0,1148.44,3223.46
gfx950,256,384,129280,7168,False,torch.bfloat16,torch.bfloat16,False,False,opus,1400,0,619.0964,opus_gemm_mono_tile_512x192x256x64_2x4_16x16x32_0x0x0_nooob,0.0,1149.56,3162.92
gfx950,256,416,129280,7168,False,torch.bfloat16,torch.bfloat16,False,False,asm,10,1,677.0244,_ZN5aiter24bf16gemm_bf16_tn_256x256E,0.0,1138.8,2905.19
gfx950,256,448,129280,7168,False,torch.bfloat16,torch.bfloat16,False,False,asm,10,1,671.9735,_ZN5aiter24bf16gemm_bf16_tn_256x256E,0.0,1235.62,2940.02
gfx950,256,480,129280,7168,False,torch.bfloat16,torch.bfloat16,False,False,asm,10,1,686.9019,_ZN5aiter24bf16gemm_bf16_tn_256x256E,0.0,1295.11,2888.84
gfx950,256,512,129280,7168,False,torch.bfloat16,torch.bfloat16,False,False,asm,10,1,691.0572,_ZN5aiter24bf16gemm_bf16_tn_256x256E,0.0,1373.14,2884.1
gfx950,256,544,129280,7168,False,torch.bfloat16,torch.bfloat16,False,False,torch,0,0,849.9234,native,0.0,1186.26,2355.29
gfx950,256,576,129280,7168,False,torch.bfloat16,torch.bfloat16,False,False,opus,1400,0,891.8228,opus_gemm_mono_tile_512x192x256x64_2x4_16x16x32_0x0x0_nooob,0.0,1197.03,2254.42
gfx950,256,608,129280,7168,False,torch.bfloat16,torch.bfloat16,False,False,asm,10,1,958.8253,_ZN5aiter24bf16gemm_bf16_tn_256x256E,0.0,1175.23,2105.99
gfx950,256,640,129280,7168,False,torch.bfloat16,torch.bfloat16,False,False,torch,0,0,979.4523,native,0.0,1211.03,2070.56
gfx950,256,672,129280,7168,False,torch.bfloat16,torch.bfloat16,False,False,torch,0,0,964.9959,native,0.0,1290.63,2110.62
gfx950,256,704,129280,7168,False,torch.bfloat16,torch.bfloat16,False,False,asm,10,1,977.9774,_ZN5aiter24bf16gemm_bf16_tn_256x256E,0.0,1334.15,2091.54
gfx950,256,736,129280,7168,False,torch.bfloat16,torch.bfloat16,False,False,asm,10,1,1024.0185,_ZN5aiter24bf16gemm_bf16_tn_256x256E,0.0,1332.08,2006.03
gfx950,256,768,129280,7168,False,torch.bfloat16,torch.bfloat16,False,False,asm,10,1,1001.2295,_ZN5aiter24bf16gemm_bf16_tn_256x256E,0.0,1421.63,2060.41
gfx950,256,800,129280,7168,False,torch.bfloat16,torch.bfloat16,False,False,asm,10,1,1200.9523,_ZN5aiter24bf16gemm_bf16_tn_256x256E,0.0,1234.59,1725.03
gfx950,256,832,129280,7168,False,torch.bfloat16,torch.bfloat16,False,False,asm,10,1,1262.1575,_ZN5aiter24bf16gemm_bf16_tn_256x256E,0.0,1221.71,1648.29
gfx950,256,864,129280,7168,False,torch.bfloat16,torch.bfloat16,False,False,asm,10,1,1229.1777,_ZN5aiter24bf16gemm_bf16_tn_256x256E,0.0,1302.74,1699.62
gfx950,256,896,129280,7168,False,torch.bfloat16,torch.bfloat16,False,False,asm,10,1,1283.8204,_ZN5aiter24bf16gemm_bf16_tn_256x256E,0.0,1293.49,1634.09
gfx950,256,928,129280,7168,False,torch.bfloat16,torch.bfloat16,False,False,asm,10,1,1268.8603,_ZN5aiter24bf16gemm_bf16_tn_256x256E,0.0,1355.48,1660.23
gfx950,256,960,129280,7168,False,torch.bfloat16,torch.bfloat16,False,False,asm,10,1,1260.112,_ZN5aiter24bf16gemm_bf16_tn_256x256E,0.0,1411.96,1678.69
gfx950,256,992,129280,7168,False,torch.bfloat16,torch.bfloat16,False,False,asm,10,1,1298.5543,_ZN5aiter24bf16gemm_bf16_tn_256x256E,0.0,1415.83,1635.72
gfx950,256,1024,129280,7168,False,torch.bfloat16,torch.bfloat16,False,False,asm,10,1,1303.0203,_ZN5aiter24bf16gemm_bf16_tn_256x256E,0.0,1456.49,1636.82
gfx950,256,1088,129280,7168,False,torch.bfloat16,torch.bfloat16,False,False,torch,0,0,1575.7655,native,0.0,1279.67,1364.59
gfx950,256,1152,129280,7168,False,torch.bfloat16,torch.bfloat16,False,False,asm,10,1,1586.1191,_ZN5aiter24bf16gemm_bf16_tn_256x256E,0.0,1346.1,1366.69
gfx950,256,1216,129280,7168,False,torch.bfloat16,torch.bfloat16,False,False,asm,10,1,1619.4321,_ZN5aiter24bf16gemm_bf16_tn_256x256E,0.0,1391.65,1349.36
gfx950,256,1280,129280,7168,False,torch.bfloat16,torch.bfloat16,False,False,torch,0,0,1670.1676,native,0.0,1420.4,1318.83
gfx950,256,1344,129280,7168,False,torch.bfloat16,torch.bfloat16,False,False,asm,10,1,1875.2023,_ZN5aiter24bf16gemm_bf16_tn_256x256E,0.0,1328.34,1183.94
gfx950,256,1408,129280,7168,False,torch.bfloat16,torch.bfloat16,False,False,asm,10,1,1872.8952,_ZN5aiter24bf16gemm_bf16_tn_256x256E,0.0,1393.31,1194.73
gfx950,256,1472,129280,7168,False,torch.bfloat16,torch.bfloat16,False,False,torch,0,0,1945.3224,native,0.0,1402.41,1159.22
gfx950,256,1536,129280,7168,False,torch.bfloat16,torch.bfloat16,False,False,torch,0,0,1955.2091,native,0.0,1455.99,1162.29
gfx950,256,1600,129280,7168,False,torch.bfloat16,torch.bfloat16,False,False,torch,0,0,2212.6377,native,0.0,1340.2,1034.96
gfx950,256,1664,129280,7168,False,torch.bfloat16,torch.bfloat16,False,False,asm,10,1,2233.511,_ZN5aiter24bf16gemm_bf16_tn_256x256E,0.0,1380.78,1033.11
gfx950,256,1728,129280,7168,False,torch.bfloat16,torch.bfloat16,False,False,asm,10,1,2228.97,_ZN5aiter24bf16gemm_bf16_tn_256x256E,0.0,1436.81,1043.05
gfx950,256,1792,129280,7168,False,torch.bfloat16,torch.bfloat16,False,False,asm,10,1,2335.9479,_ZN5aiter24bf16gemm_bf16_tn_256x256E,0.0,1421.79,1002.76
gfx950,256,1856,129280,7168,False,torch.bfloat16,torch.bfloat16,False,False,asm,10,1,2450.8605,_ZN5aiter24bf16gemm_bf16_tn_256x256E,0.0,1403.52,962.87
gfx950,256,1920,129280,7168,False,torch.bfloat16,torch.bfloat16,False,False,asm,10,1,2435.697,_ZN5aiter24bf16gemm_bf16_tn_256x256E,0.0,1460.96,976.03
gfx950,256,1984,129280,7168,False,torch.bfloat16,torch.bfloat16,False,False,asm,10,1,2473.5588,_ZN5aiter24bf16gemm_bf16_tn_256x256E,0.0,1486.55,968.15
gfx950,256,2048,129280,7168,False,torch.bfloat16,torch.bfloat16,False,False,asm,10,1,2510.0653,_ZN5aiter24bf16gemm_bf16_tn_256x256E,0.0,1512.18,961.03
gfx950,256,4096,129280,7168,False,torch.bfloat16,torch.bfloat16,False,False,torch,0,0,4886.6505,native,0.0,1553.49,608.01
gfx950,256,6144,129280,7168,False,torch.bfloat16,torch.bfloat16,False,False,torch,0,0,7635.4773,native,0.0,1491.33,462.32
gfx950,256,8192,129280,7168,False,torch.bfloat16,torch.bfloat16,False,False,torch,0,0,10217.7663,native,0.0,1485.91,400.18
gfx950,256,10240,129280,7168,False,torch.bfloat16,torch.bfloat16,False,False,asm,10,1,12217.4467,_ZN5aiter24bf16gemm_bf16_tn_256x256E,0.0,1553.38,380.42
gfx950,256,12288,129280,7168,False,torch.bfloat16,torch.bfloat16,False,False,torch,0,0,14631.3913,native,0.0,1556.52,355.86
gfx950,256,14336,129280,7168,False,torch.bfloat16,torch.bfloat16,False,False,asm,10,1,17333.0601,_ZN5aiter24bf16gemm_bf16_tn_256x256E,0.0,1532.89,332.64
gfx950,256,16384,129280,7168,False,torch.bfloat16,torch.bfloat16,False,False,torch,0,0,20244.3009,native,0.0,1499.95,312.41
gfx950,256,32768,129280,7168,False,torch.bfloat16,torch.bfloat16,False,False,torch,0,0,39920.307,native,0.0,1521.3,270.43
gfx942,80,192,384,7168,False,torch.bfloat16,torch.bfloat16,False,False,opus,50211,8,21.2254,opus_gemm_gfx942_splitk_p1_256x64x64x64_2x2_16x16x16_0x0x0,0.0,49.8,395.99
gfx942,80,352,384,7168,False,torch.bfloat16,torch.bfloat16,False,False,opus,50200,8,29.7817,opus_gemm_gfx942_splitk_legacy_512x128x128x64_2x4_16x16x16_0x0x0,0.0,65.07,363.37
gfx942,80,384,384,7168,False,torch.bfloat16,torch.bfloat16,False,False,opus,50200,8,30.5541,opus_gemm_gfx942_splitk_legacy_512x128x128x64_2x4_16x16x16_0x0x0,0.0,69.19,370.0
gfx942,80,416,384,7168,False,torch.bfloat16,torch.bfloat16,False,False,opus,50200,6,34.5456,opus_gemm_gfx942_splitk_legacy_512x128x128x64_2x4_16x16x16_0x0x0,0.0,66.29,341.24
gfx942,80,480,384,7168,False,torch.bfloat16,torch.bfloat16,False,False,opus,50200,6,35.2038,opus_gemm_gfx942_splitk_legacy_512x128x128x64_2x4_16x16x16_0x0x0,0.0,75.06,362.32
gfx942,80,104,1024,7168,False,torch.bfloat16,torch.bfloat16,False,False,opus,50200,10,29.6837,opus_gemm_gfx942_splitk_legacy_512x128x128x64_2x4_16x16x16_0x0x0,0.0,51.43,551.95
gfx942,80,200,1024,7168,False,torch.bfloat16,torch.bfloat16,False,False,opus,50200,5,40.5018,opus_gemm_gfx942_splitk_legacy_512x128x128x64_2x4_16x16x16_0x0x0,0.0,72.49,443.36
gfx942,80,208,1024,7168,False,torch.bfloat16,torch.bfloat16,False,False,opus,50200,0,40.78,opus_gemm_gfx942_splitk_legacy_512x128x128x64_2x4_16x16x16_0x0x0,0.0,74.88,443.55
